{"data": [{"video": {"title": "#Lagu Daerah indonesia timu#", "url": "https://www.youtube.com/watch?v=3Fjfq3mYYis"}, "regions": ["Maluku", "Papua"], "annotationDate": "DD-MM-YYYY"}, {"video": {"title": "Anak Kambing Saya - Lagu Daerah NTT (Karaoke dengan Lirik)", "url": "https://www.youtube.com/watch?v=LoiEOghosVU"}, "regions": ["Nusa Tenggara Timur"], "annotationDate": "DD-MM-YYYY"}, {"video": {"title": "Manuk Dadali - Lagu Daerah Jawa Barat (Karaoke, Lirik dan Terjemahan)", "url": "https://www.youtube.com/watch?v=LcghTxm-Qno"}, "regions": ["Jawa Barat"], "annotationDate": "DD-MM-YYYY"}, {"video": {"title": "Manuk dadali chord (lagu daerah jawa barat)", "url": "https://www.youtube.com/watch?v=3qOOPOe5bGQ"}, "regions": ["Jawa Barat"], "annotationDate": "DD-MM-YYYY"}, {"video": {"title": "Marion menyanyikan lagu daerah NTT", "url": "https://www.youtube.com/watch?v=s6Yw_qNGLDM"}, "regions": ["Nusa Tenggara Timur"], "annotationDate": "DD-MM-YYYY"}, {"video": {"title": "mashup lagu daerah edisi 17 agustus", "url": "https://www.youtube.com/watch?v=r1xlbl2oKvk"}, "regions": ["Sumatera Utara"], "annotationDate": "DD-MM-YYYY"}, {"video": {"title": "MEDLEY LAGU DAERAH INDONESIA (Berasa Keliling Indonesia dengan ini) versi acapella", "url": "https://www.youtube.com/watch?v=0FsCs4bfoa0"}, "regions": ["Sumatera Utara", "Sumatera Barat", "Kepulauan Riau", "Jambi", "DKI Jakarta", "Jawa Tengah", "Sulawesi Selatan"], "annotationDate": "DD-MM-YYYY"}, {"video": {"title": "Medley Lagu-Lagu Daerah Orkes Ukulele Indonesia", "url": "https://www.youtube.com/watch?v=w0AIfuGwNps"}, "regions": ["Nanggroe Aceh Darussalam", "Jawa Barat", "Nusa Tenggara Timur", "Maluku"], "annotationDate": "DD-MM-YYYY"}, {"video": {"title": "Andhep Asor [Versi Original] - Lagu Daerah Madura - Jawa Timur - Indonesia", "url": "https://www.youtube.com/watch?v=dvmnkQllJL8"}, "regions": ["Jawa Timur"], "annotationDate": "DD-MM-YYYY"}, {"video": {"title": "melodi lagu sarinande - not balok tutorial piano tingkat 3 - not lagu daerah - instrumen", "url": "https://www.youtube.com/watch?v=2ZsyuzP2h_A"}, "regions": ["Maluku"], "annotationDate": "DD-MM-YYYY"}, {"video": {"title": "MERINDING!!! Lagu-lagu Daerah Indonesia Menggetarkan Vatikan", "url": "https://www.youtube.com/watch?v=bPtpjMXIKco"}, "regions": ["Sumatera Utara"], "annotationDate": "DD-MM-YYYY"}, {"video": {"title": "mirip lagu daerah indonesia", "url": "https://www.youtube.com/watch?v=pXtPFDKwYyo"}, "regions": ["Nusa Tenggara Timur"], "annotationDate": "DD-MM-YYYY"}, {"video": {"title": "nada piano rasa sayange piano tutorial level 3 - not piano lagu daerah - rasa sayange", "url": "https://www.youtube.com/watch?v=dphXsLakNHc"}, "regions": ["Maluku"], "annotationDate": "DD-MM-YYYY"}, {"video": {"title": "Neng Geulis - Lagu Daerah Jawa Barat (Karaoke, Lirik dan Terjemahan)", "url": "https://www.youtube.com/watch?v=LHnr682r2qg"}, "regions": ["Jawa Barat"], "annotationDate": "DD-MM-YYYY"}, {"video": {"title": "Nonton Bioskop [Versi Original] - Lagu Daerah Betawi - Jakarta - Indonesia", "url": "https://www.youtube.com/watch?v=VPWdSl8aZSM"}, "regions": ["DKI Jakarta"], "annotationDate": "DD-MM-YYYY"}, {"video": {"title": "not angka cublak cublak suweng - lagu daerah tradisional nusantara indonesia - doremifasola", "url": "https://www.youtube.com/watch?v=QYhdPfuODok"}, "regions": ["Jawa Timur"], "annotationDate": "DD-MM-YYYY"}, {"video": {"title": "not pianika ampar ampar pisang - lagu daerah - belajar not pianika", "url": "https://www.youtube.com/watch?v=y7WUO78QNdM"}, "regions": ["Kalimantan Selatan"], "annotationDate": "DD-MM-YYYY"}, {"video": {"title": "not pianika apuse - lagu daerah nusantara indonesia - belajar pianika not angka apuse", "url": "https://www.youtube.com/watch?v=W3IiKtvWhww"}, "regions": ["Papua"], "annotationDate": "DD-MM-YYYY"}, {"video": {"title": "Anging Mamiri - Lagu Daerah (Moneva's Senior Recital)", "url": "https://www.youtube.com/watch?v=Mvj0Rzptpic"}, "regions": ["Sulawesi Selatan"], "annotationDate": "DD-MM-YYYY"}, {"video": {"title": "not pianika bolelebo - lagu daerah nusantara indonesia - belajar pianika not angka bolelebo", "url": "https://www.youtube.com/watch?v=7rana-gbgcQ"}, "regions": ["Nusa Tenggara Timur"], "annotationDate": "DD-MM-YYYY"}, {"video": {"title": "not pianika bunga jeumpa - lagu daerah - belajar pianika not angka bungong jeumpa", "url": "https://www.youtube.com/watch?v=XA1uz0Xp6f0"}, "regions": ["Nanggroe Aceh Darussalam"], "annotationDate": "DD-MM-YYYY"}, {"video": {"title": "not pianika hela rotan - lagu daerah nusantara indonesia - belajar pianika not angka", "url": "https://www.youtube.com/watch?v=-9IEKuoarqQ"}, "regions": ["Maluku"], "annotationDate": "DD-MM-YYYY"}, {"video": {"title": "not pianika injit injit semut - lagu daerah - belajar pianika not angka injit injit semut", "url": "https://www.youtube.com/watch?v=ZHDRSX2n5qc"}, "regions": ["Jambi"], "annotationDate": "DD-MM-YYYY"}, {"video": {"title": "not pianika lissoi - lagu daerah - belajar pianika not angka lisoi", "url": "https://www.youtube.com/watch?v=eAbioNjPpw4"}, "regions": ["Sumatera Utara"], "annotationDate": "DD-MM-YYYY"}, {"video": {"title": "not pianika rasa sayange - lagu daerah - belajar pianika not angka rasa sayange", "url": "https://www.youtube.com/watch?v=uHTXfJRoADc"}, "regions": ["Maluku"], "annotationDate": "DD-MM-YYYY"}, {"video": {"title": "not pianika saputangan babuncu ampat - lagu daerah - belajar pianika not angka", "url": "https://www.youtube.com/watch?v=ii6e_SuFN6U"}, "regions": ["Kalimantan Selatan"], "annotationDate": "DD-MM-YYYY"}, {"video": {"title": "APUSE - Lagu Daerah Papua", "url": "https://www.youtube.com/watch?v=iHA6okYL7O0"}, "regions": ["Papua"], "annotationDate": "DD-MM-YYYY"}, {"video": {"title": "not pianika sarinande - lagu daerah nusantara indonesia - belajar pianika not angka", "url": "https://www.youtube.com/watch?v=o_0honq404k"}, "regions": ["Maluku"], "annotationDate": "DD-MM-YYYY"}, {"video": {"title": "not pianika soleram - lagu daerah melayu - belajar pianika not angka soleram", "url": "https://www.youtube.com/watch?v=xJcysfzFKWI"}, "regions": ["Kepulauan Riau"], "annotationDate": "DD-MM-YYYY"}, {"video": {"title": "not pianika suwe ora jamu - lagu daerah tradisional indonesia - belajar pianika not angka", "url": "https://www.youtube.com/watch?v=4G8yYNUxf58"}, "regions": ["Jawa Tengah", "Daerah Istimewa Yogyakarta"], "annotationDate": "DD-MM-YYYY"}, {"video": {"title": "not pianika tebe onana - lagu daerah nusantara indonesia - belajar pianika not angka tebe ona na", "url": "https://www.youtube.com/watch?v=Wc8nX8tukzY"}, "regions": ["Nusa Tenggara Timur"], "annotationDate": "DD-MM-YYYY"}, {"video": {"title": "not pianika yamko rambe yamko - lagu daerah nusantara indonesia - belajar pianika not angka", "url": "https://www.youtube.com/watch?v=dbCyxXUV5Cs"}, "regions": ["Papua"], "annotationDate": "DD-MM-YYYY"}, {"video": {"title": "Nyello' Aeng [Versi Original] - Lagu Daerah Madura - Jawa Timur - Indonesia", "url": "https://www.youtube.com/watch?v=4ZWXjGqnWqw"}, "regions": ["Jawa Timur"], "annotationDate": "DD-MM-YYYY"}, {"video": {"title": "Paduan lagu daerah indonesia", "url": "https://www.youtube.com/watch?v=mvMyXXVfrs4"}, "regions": ["Sumatera Utara", "Papua"], "annotationDate": "DD-MM-YYYY"}, {"video": {"title": "Paris Barantai - Kalimantan Selatan, Lagu Daerah Indonesia", "url": "https://www.youtube.com/watch?v=mvBwjkQY8h4"}, "regions": ["Kalimantan Selatan"], "annotationDate": "DD-MM-YYYY"}, {"video": {"title": "Peuyeum Bandung - Lagu Daerah Jawa Barat (Karaoke, Lirik dan Terjemahan)", "url": "https://www.youtube.com/watch?v=BpLWWVY4g0c"}, "regions": ["Jawa Barat"], "annotationDate": "DD-MM-YYYY"}, {"video": {"title": "Popatapo By Mozes Petta II Folklore II Indonesia II Lagu Daerah Ambon Manise II Maluku", "url": "https://www.youtube.com/watch?v=0I_w-qcmF_0"}, "regions": ["Maluku"], "annotationDate": "DD-MM-YYYY"}, {"video": {"title": "Potong Bebek Angsa - Lagu Daerah NTT (Karaoke dengan Lirik)", "url": "https://www.youtube.com/watch?v=gAoXXoKZNow"}, "regions": ["Nusa Tenggara Timur"], "annotationDate": "DD-MM-YYYY"}, {"video": {"title": "Prau Layar - Lagu Daerah Jawa Tengah (Karoke, Lirik dan Terjemahan)", "url": "https://www.youtube.com/watch?v=J2p9Vytbm1Q"}, "regions": ["Jawa Tengah"], "annotationDate": "DD-MM-YYYY"}, {"video": {"title": "Putri Cening Ayu - Lagu Daerah Bali (Karaoke, Lirik dan Terjemahan)", "url": "https://www.youtube.com/watch?v=_lrn_Mvo0Ww"}, "regions": ["Bali"], "annotationDate": "DD-MM-YYYY"}, {"video": {"title": "Rambadia - Lagu Daerah Sumatera Utara (Karaoke dengan Lirik)", "url": "https://www.youtube.com/watch?v=A6l3lXj-ECQ"}, "regions": ["Sumatera Utara"], "annotationDate": "DD-MM-YYYY"}, {"video": {"title": "Rara LIDA Indonesia Nyayikan Lagu Daerah Palembang Ya Saman...", "url": "https://www.youtube.com/watch?v=QBAvMUZuo2o"}, "regions": ["Sumatera Selatan"], "annotationDate": "DD-MM-YYYY"}, {"video": {"title": "Rasa sayange - lagu daerah Indonesia populer dari Maluku", "url": "https://www.youtube.com/watch?v=0h7U4vVRIqA"}, "regions": ["Maluku"], "annotationDate": "DD-MM-YYYY"}, {"video": {"title": "Rasa Sayange - Lagu Daerah Indonesia", "url": "https://www.youtube.com/watch?v=gqs5NbS0YOY"}, "regions": ["Maluku"], "annotationDate": "DD-MM-YYYY"}, {"video": {"title": "Ratu Anom - Lagu Daerah Bali (Karoke dengan Lirik)", "url": "https://www.youtube.com/watch?v=5o2_neQoKTg"}, "regions": ["Bali"], "annotationDate": "DD-MM-YYYY"}, {"video": {"title": "Salah satu lagu daerah SULTRA Indonesia wonuanggu PMBK UIN MALANG 2018", "url": "https://www.youtube.com/watch?v=ePB4PQsUDac"}, "regions": ["Sulawesi Tenggara"], "annotationDate": "DD-MM-YYYY"}, {"video": {"title": "Sungai Kapuas - Lagu Daerah Kalimantan Barat (Karoke, Lirik dan Terjemahan)", "url": "https://www.youtube.com/watch?v=3nsK4HwFoQw"}, "regions": ["Kalimantan Tengah"], "annotationDate": "DD-MM-YYYY"}, {"video": {"title": "Tak Tong Tong - Lagu Daerah Minang SUMATERA BARAT Indonesia C3", "url": "https://www.youtube.com/watch?v=fdPuIHBELpE"}, "regions": ["Sumatera Barat"], "annotationDate": "DD-MM-YYYY"}, {"video": {"title": "Tak Tong Tong - Lagu Daerah Sumatera Barat (Karoke, Lirik dan Terjemahan)", "url": "https://www.youtube.com/watch?v=XkxfMvvLlfQ"}, "regions": ["Sumatera Barat"], "annotationDate": "DD-MM-YYYY"}, {"video": {"title": "Tana Wolio - Lagu Daerah Sulawesi Tenggara (Karaoke dengan Lirik)", "url": "https://www.youtube.com/watch?v=GC7315013EM"}, "regions": ["Sulawesi Tenggara"], "annotationDate": "DD-MM-YYYY"}, {"video": {"title": "Tempo Moderato Contoh Lagu Daerah", "url": "https://www.youtube.com/watch?v=ADos_hwpNpw"}, "regions": ["Sumatera Barat", "DKI Jakarta", "Jawa Tengah", "Kalimantan Selatan", "Sulawesi Utara", "Papua"], "annotationDate": "DD-MM-YYYY"}, {"video": {"title": "TENRIBETTA PERKUSI - TAPADA SIPAKAINGA' (SALING MENGINGATKAN)", "url": "https://www.youtube.com/watch?v=xrt6UI_0yMI"}, "regions": ["Sulawesi Selatan"], "annotationDate": "DD-MM-YYYY"}, {"video": {"title": "Tokecang - Lagu Daerah Jawa Barat (Karaoke dengan Lirik)", "url": "https://www.youtube.com/watch?v=UOMLy6a3vmQ"}, "regions": ["Jawa Barat"], "annotationDate": "DD-MM-YYYY"}, {"video": {"title": "Versi latihan tari GKPS Tambun - Tersimpan di hati 12 lagu daerah, Indonesia bagi kemuliaan Mu", "url": "https://www.youtube.com/watch?v=BWKVJxfjzNk"}, "regions": ["Kalimantan Tengah"], "annotationDate": "DD-MM-YYYY"}, {"video": {"title": "Aransemen Lagu Daerah dan Lagu Indonesia Jaya", "url": "https://www.youtube.com/watch?v=FCvODliCyIA"}, "regions": ["DKI Jakarta"], "annotationDate": "DD-MM-YYYY"}, {"video": {"title": "Audisi Doremi & You-Film DOREMI AND YOU 2019", "url": "https://www.youtube.com/watch?v=wsR7olzhR1M"}, "regions": ["Nanggroe Aceh Darussalam", "Sumatera Utara", "Jawa Timur", "Papua"], "annotationDate": "DD-MM-YYYY"}, {"video": {"title": "Ayam Den Lapeh #Metal Version (Lagu Daerah Minang)", "url": "https://www.youtube.com/watch?v=ikaU9OZICO0"}, "regions": ["Sumatera Barat"], "annotationDate": "DD-MM-YYYY"}, {"video": {"title": "Bolelebo - Ester", "url": "https://www.youtube.com/watch?v=wBQqZr5zPiA"}, "regions": ["Nusa Tenggara Timur"], "annotationDate": "DD-MM-YYYY"}, {"video": {"title": "Borero - Lagu Daerah Maluku Utara (Karaoke, Lirik dan Terjemahan)", "url": "https://www.youtube.com/watch?v=bT1fbqORkA4"}, "regions": ["Maluku Utara"], "annotationDate": "DD-MM-YYYY"}, {"video": {"title": "Burung Kakaktua - Lagu Daerah Maluku (Karaoke dengan Lirik)", "url": "https://www.youtube.com/watch?v=x3xxXPfs3Sk"}, "regions": ["Maluku"], "annotationDate": "DD-MM-YYYY"}, {"video": {"title": "Cik Cik Periuk - Lagu Daerah Kalimantan Barat (Karaoke, Lirik dan Terjemahan)", "url": "https://www.youtube.com/watch?v=SEHi-11mdR8"}, "regions": ["Kalimantan barat"], "annotationDate": "DD-MM-YYYY"}, {"video": {"title": "Cik Cik Periuk lagu daerah Sambas, Kalimantan Barat, Indonesia.", "url": "https://www.youtube.com/watch?v=Kv5tI-l8WCU"}, "regions": ["Kalimantan barat"], "annotationDate": "DD-MM-YYYY"}, {"video": {"title": "Cintai Lagu-lagu Daerah Indonesia", "url": "https://www.youtube.com/watch?v=eKxqVR_49g4"}, "regions": ["DKI Jakarta", "Jawa Barat", "Jawa Tengah", "Daerah Istimewa Yogyakarta", "Papua"], "annotationDate": "DD-MM-YYYY"}, {"video": {"title": "Acapella Medley Lagu Daerah Indonesia + Beatbox", "url": "https://www.youtube.com/watch?v=zuCQJvpQNcA"}, "regions": ["Sumatera Barat", "Kepulauan Riau", "DKI Jakarta", "Jawa Tengah", "Jawa Timur", "Nusa Tenggara Timur"], "annotationDate": "DD-MM-YYYY"}, {"video": {"title": "DoReMi & You - Lagu Daerah Indonesia", "url": "https://www.youtube.com/watch?v=OqmDfc_bMlQ"}, "regions": ["Nanggroe Aceh Darussalam", "Sumatera Utara", "Jawa Timur", "Papua"], "annotationDate": "DD-MM-YYYY"}, {"video": {"title": "DUET LAGU DAERAH LYODRA DAN JUDIKA Indonesian Idol 2020 SPEKTA TOP 5", "url": "https://www.youtube.com/watch?v=lW3Wd2sRU34"}, "regions": ["Sumatera Utara"], "annotationDate": "DD-MM-YYYY"}, {"video": {"title": "EPIC COLLAB! Lagu DI RUMAH AJA Dalam 42 Bahasa Daerah", "url": "https://www.youtube.com/watch?v=p2Ijw4euF40"}, "regions": ["Nanggroe Aceh Darussalam", "Sumatera Utara", "Sumatera Barat", "Kepulauan Riau", "Jambi", "Sumatera Selatan", "Kepulauan Bangka Belitung", "Bengkulu", "Lampung", "Banten", "DKI Jakarta", "Jawa Barat", "Jawa Tengah", "Daerah Istimewa Yogyakarta", "Jawa Timur", "Bali", "Nusa Tenggara Timur", "Kalimantan barat", "Kalimantan Tengah", "Kalimantan Selatan", "Kalimantan Timur", "Kalimantan Utara", "Sulawesi Utara", "Sulawesi Barat", "Sulawesi Tengah", "Sulawesi Tenggara", "Sulawesi Selatan", "Gorontalo", "Maluku", "Maluku Utara", "Papua Barat", "Papua"], "annotationDate": "DD-MM-YYYY"}, {"video": {"title": "Explor Geser, Maluku, Indonesia. Lagu Daerah", "url": "https://www.youtube.com/watch?v=hol3WRVMUig"}, "regions": ["Maluku"], "annotationDate": "DD-MM-YYYY"}, {"video": {"title": "Gambang Suling - Lagu Daerah Jawa Tengah (Karaoke, Lirik dan Terjemahan)", "url": "https://www.youtube.com/watch?v=AnIoCWmMeK0"}, "regions": ["Jawa Tengah"], "annotationDate": "DD-MM-YYYY"}, {"video": {"title": "Gambang Suling lagu daerah, instrumen By KP", "url": "https://www.youtube.com/watch?v=SGztnhJWd54"}, "regions": ["Jawa Tengah"], "annotationDate": "DD-MM-YYYY"}, {"video": {"title": "Gemu Fa Mi Re - Lagu Daerah NTT (Karaoke dengan Lirik)", "url": "https://www.youtube.com/watch?v=a47hr2jo6Fo"}, "regions": ["Nusa Tenggara Timur"], "annotationDate": "DD-MM-YYYY"}, {"video": {"title": "Gundul Gundul Pacul - Lagu Daerah Jawa Tengah - Indonesia", "url": "https://www.youtube.com/watch?v=u_Xj9TzOQI8"}, "regions": ["Jawa Tengah"], "annotationDate": "DD-MM-YYYY"}, {"video": {"title": "Indung Indung [Versi Original] - Lagu Daerah Kalimantan Timur - Indonesia", "url": "https://www.youtube.com/watch?v=a0JEsR5ixI0"}, "regions": ["Kalimantan Timur"], "annotationDate": "DD-MM-YYYY"}, {"video": {"title": "Jali Jali - Lagu Daerah Jakarta (Karaoke dengan Lirik)", "url": "https://www.youtube.com/watch?v=qkfs46zsmzs"}, "regions": ["DKI Jakarta"], "annotationDate": "DD-MM-YYYY"}, {"video": {"title": "JOAN - SAJOJO ( LAGU DAERAH PAPUA ) TOP 12 INDONESIAN IDOL", "url": "https://www.youtube.com/watch?v=LQPGYEyz6eA"}, "regions": ["Papua"], "annotationDate": "DD-MM-YYYY"}, {"video": {"title": "Acapella Medley Lagu Daerah Indonesia , cover oleh Alfiromi", "url": "https://www.youtube.com/watch?v=nOcOXJI3nlc"}, "regions": ["Jambi", "Jawa Barat", "Kalimantan Selatan", "Papua"], "annotationDate": "DD-MM-YYYY"}, {"video": {"title": "Kacong Tor Cebbing - Lagu Daerah Madura - Jawa Timur - Indonesia", "url": "https://www.youtube.com/watch?v=ZKRNzG4cIXo"}, "regions": ["Jawa Timur"], "annotationDate": "DD-MM-YYYY"}, {"video": {"title": "Kampuang Nan Jauh Dimato - Lagu Daerah Sumatera Barat (Karoke, Lirik dan Terjemahan)", "url": "https://www.youtube.com/watch?v=aZ5PYjC61Zk"}, "regions": ["Sumatera Barat"], "annotationDate": "DD-MM-YYYY"}, {"video": {"title": "KARAOKE RASA SAYANGE Lagu daerah Maluku", "url": "https://www.youtube.com/watch?v=wxA6WxWYNfw"}, "regions": ["Maluku"], "annotationDate": "DD-MM-YYYY"}, {"video": {"title": "Keraben Sape V1 - Original - Lagu Daerah Madura - Jawa Timur - Indonesia", "url": "https://www.youtube.com/watch?v=QTIt5FEzbVo"}, "regions": ["Jawa Timur"], "annotationDate": "DD-MM-YYYY"}, {"video": {"title": "Keroncong Kemayoran - Lagu Daerah Jakarta (Karaoke dengan Lirik)", "url": "https://www.youtube.com/watch?v=Ewwwd_TPwBo"}, "regions": ["DKI Jakarta"], "annotationDate": "DD-MM-YYYY"}, {"video": {"title": "Lagu - lagu daerah Indonesia", "url": "https://www.youtube.com/watch?v=JqAbm01UaGg"}, "regions": ["Nusa Tenggara Timur"], "annotationDate": "DD-MM-YYYY"}, {"video": {"title": "Aceh Lon Sayang - Lagu Daerah Aceh (Karaoke, Lirik dan Terjemahan)", "url": "https://www.youtube.com/watch?v=Qjzn5eS_ns0"}, "regions": ["Nanggroe Aceh Darussalam"], "annotationDate": "DD-MM-YYYY"}, {"video": {"title": "Lagu Cingcangkeling - lagu daerah jawa barat - lagu daerah Indonesia", "url": "https://www.youtube.com/watch?v=Nvvm6fplRuc"}, "regions": ["Jawa Barat"], "annotationDate": "DD-MM-YYYY"}, {"video": {"title": "Lagu Daerah (Papua) - Yamko Rambe Yamko", "url": "https://www.youtube.com/watch?v=PZlpjWP8plo"}, "regions": ["Papua"], "annotationDate": "DD-MM-YYYY"}, {"video": {"title": "Lagu Daerah - Rambadia Instrument", "url": "https://www.youtube.com/watch?v=qgkVyTvDzP8"}, "regions": ["Sumatera Utara"], "annotationDate": "DD-MM-YYYY"}, {"video": {"title": "Lagu Daerah Anak Bungong Jeumpa - Animasi Cerita Indonesia (ACI)", "url": "https://www.youtube.com/watch?v=sRyAhYEbMg0"}, "regions": ["Nanggroe Aceh Darussalam"], "annotationDate": "DD-MM-YYYY"}, {"video": {"title": "Lagu Daerah Anak Cublak-Cublak Suweng - Animasi Cerita Indonesia (ACI)", "url": "https://www.youtube.com/watch?v=VdZ17zFyMKE"}, "regions": ["Jawa Timur"], "annotationDate": "DD-MM-YYYY"}, {"video": {"title": "LAGU DAERAH DIGABUNG KERENN", "url": "https://www.youtube.com/watch?v=JiOJTH-v-GY"}, "regions": ["Nanggroe Aceh Darussalam", "Jawa Timur", "Sulawesi Utara", "Papua"], "annotationDate": "DD-MM-YYYY"}, {"video": {"title": "Lagu Daerah Indonesia(3)", "url": "https://www.youtube.com/watch?v=tsCXlUkN-Fs"}, "regions": ["Nusa Tenggara Timur"], "annotationDate": "DD-MM-YYYY"}, {"video": {"title": "Lagu Daerah Indonesia+Lirik - Cublak-Cublak Suweng - Jawa Tengah", "url": "https://www.youtube.com/watch?v=nbkMQeSOMWw"}, "regions": ["Jawa Timur"], "annotationDate": "DD-MM-YYYY"}, {"video": {"title": "Lagu Daerah Indonesia+Lirik - Hujan Gerimis - Dki Jakarta", "url": "https://www.youtube.com/watch?v=kXXVv8YNKEY"}, "regions": ["DKI Jakarta"], "annotationDate": "DD-MM-YYYY"}, {"video": {"title": "Lagu Daerah Indonesia+Lirik - Lenggang Kangkung - Dki Jakarta", "url": "https://www.youtube.com/watch?v=36ONS_PaupM"}, "regions": ["DKI Jakarta"], "annotationDate": "DD-MM-YYYY"}, {"video": {"title": "Lagu Daerah Indonesia+Lirik - Surilang - Dki Jakarta", "url": "https://www.youtube.com/watch?v=QRwr0-VrLbU"}, "regions": ["DKI Jakarta"], "annotationDate": "DD-MM-YYYY"}, {"video": {"title": "Lagu daerah Indonesia", "url": "https://www.youtube.com/watch?v=-1wFhPQ8D-8"}, "regions": ["Sumatera Selatan", "DKI Jakarta", "Jawa Barat", "Daerah Istimewa Yogyakarta", "Jawa Timur", "Bali", "Nusa Tenggara Timur", "Sulawesi Utara", "Sulawesi Selatan", "Maluku", "Papua"], "annotationDate": "DD-MM-YYYY"}, {"video": {"title": "Lagu daerah Jakarta - Jali Jali", "url": "https://www.youtube.com/watch?v=sIGf808lS4A"}, "regions": ["DKI Jakarta"], "annotationDate": "DD-MM-YYYY"}, {"video": {"title": "Lagu Daerah Jawa Barat Cing Cangkeling", "url": "https://www.youtube.com/watch?v=bEVWkqsSnPw"}, "regions": ["Jawa Barat"], "annotationDate": "DD-MM-YYYY"}, {"video": {"title": "Lagu daerah Jawa Tengah - Andhe andhe lumut", "url": "https://www.youtube.com/watch?v=aAVMTrHDcOQ"}, "regions": ["Jawa Tengah"], "annotationDate": "DD-MM-YYYY"}, {"video": {"title": "Lagu daerah Jawa Tengah - Lir Ilir", "url": "https://www.youtube.com/watch?v=6afnCjIluco"}, "regions": ["Jawa Tengah"], "annotationDate": "DD-MM-YYYY"}, {"video": {"title": "Lagu daerah Madura - Keraban Sape - Ostentus Choir -PICF 2017] Jawa Timur Indonesia", "url": "https://www.youtube.com/watch?v=JY4xSGW3AuE"}, "regions": ["Jawa Timur"], "annotationDate": "DD-MM-YYYY"}, {"video": {"title": "Lagu daerah Maluku - Rasa Sayange", "url": "https://www.youtube.com/watch?v=36Pt94SVYAM"}, "regions": ["Papua"], "annotationDate": "DD-MM-YYYY"}, {"video": {"title": "Lagu Daerah Remix (Acoustic Cover)", "url": "https://www.youtube.com/watch?v=i77fs3uq-JE"}, "regions": ["Sumatera Barat", "Jawa Tengah", "Daerah Istimewa Yogyakarta", "Sulawesi Utara", "Maluku", "Papua"], "annotationDate": "DD-MM-YYYY"}, {"video": {"title": "Lagu Daerah Riau - Soleram Instrument", "url": "https://www.youtube.com/watch?v=vCtuKofYJ-o"}, "regions": ["Kepulauan Riau"], "annotationDate": "DD-MM-YYYY"}, {"video": {"title": "LAGU DAERAH SI PATOKAAN - Studio Session by HoneybeaT", "url": "https://www.youtube.com/watch?v=Jl7GEFRUV0U"}, "regions": ["Sulawesi Utara"], "annotationDate": "DD-MM-YYYY"}, {"video": {"title": "LAGU DAERAH SULAWESI UTARA - SI PATOKAAN (COVER) Akbar", "url": "https://www.youtube.com/watch?v=YimpiejJvOo"}, "regions": ["Sulawesi Utara"], "annotationDate": "DD-MM-YYYY"}, {"video": {"title": "LAGU DAERAH SUNDA - MANUK DADALI (COVER) Dildil", "url": "https://www.youtube.com/watch?v=j4rvi9S9wo0"}, "regions": ["Jawa Barat"], "annotationDate": "DD-MM-YYYY"}, {"video": {"title": "Lagu Daerah Wawonii Plus Lirik dan Terjemahan Ke dalam Bahasa Indonesia", "url": "https://www.youtube.com/watch?v=bZq62CrB_l8"}, "regions": ["Sulawesi Tenggara"], "annotationDate": "DD-MM-YYYY"}, {"video": {"title": "Lagu GUNDUL GUNDUL PACUL dari Jawa Tengah", "url": "https://www.youtube.com/watch?v=rlX5v1tqayM"}, "regions": ["Jawa Tengah"], "annotationDate": "DD-MM-YYYY"}, {"video": {"title": "Lagu Jali-Jali - Animasi Cerita Indonesia (ACI)", "url": "https://www.youtube.com/watch?v=qVTUEBODhZ0"}, "regions": ["DKI Jakarta"], "annotationDate": "DD-MM-YYYY"}, {"video": {"title": "Lagu Mariam Tomong dan Terjemahannya - Lagu Daerah Sumatera Utara", "url": "https://www.youtube.com/watch?v=BVBGqS7lyaQ"}, "regions": ["Sumatera Utara"], "annotationDate": "DD-MM-YYYY"}, {"video": {"title": "Lagu Melayu Siak Riau Lagu Daerah Indonesia", "url": "https://www.youtube.com/watch?v=TO8IVLA9ee4"}, "regions": ["Kepulauan Riau"], "annotationDate": "DD-MM-YYYY"}, {"video": {"title": "Lagu Suwe Ora Jamu - Animasi Cerita Indonesia (ACI)", "url": "https://www.youtube.com/watch?v=_cR8grqP3c8"}, "regions": ["Jawa Tengah", "Daerah Istimewa Yogyakarta"], "annotationDate": "DD-MM-YYYY"}, {"video": {"title": "Lagu Yamko Rambe Yamko - Animasi Cerita Indonesia (ACI)", "url": "https://www.youtube.com/watch?v=HY_gTFciG70"}, "regions": ["Papua"], "annotationDate": "DD-MM-YYYY"}, {"video": {"title": "Lagu-Lagu Daerah Indonesia Dalam 1 Menit - Part 1 (Minecraft NoteBlock song)", "url": "https://www.youtube.com/watch?v=YZOIqiEAw34"}, "regions": ["Papua"], "annotationDate": "DD-MM-YYYY"}, {"video": {"title": "Lagu-lagu Daerah Indonesia Dalam 1 Menit - Part 2", "url": "https://www.youtube.com/watch?v=jHULc4iE7_s"}, "regions": ["Sumatera Barat", "Nusa Tenggara Timur"], "annotationDate": "DD-MM-YYYY"}, {"video": {"title": "Lucunya Ongseongwoo Nyanyiin lagu daerah indonesia di Fanmeet Malaysia", "url": "https://www.youtube.com/watch?v=4GbcfKoemzg"}, "regions": ["Maluku"], "annotationDate": "DD-MM-YYYY"}, {"video": {"title": "Manuk Dadali - Jawa Barat, Lagu Daerah Indonesia", "url": "https://www.youtube.com/watch?v=0OBU8HHLjVI"}, "regions": ["Jawa Barat"], "annotationDate": "DD-MM-YYYY"}]}