[{"title": "Manuk Dadali - Lagu Daerah Jawa Barat (Karaoke, Lirik dan Terjemahan)", "url": "https://www.youtube.com/watch?v=LcghTxm-Qno"}, {"title": "Ampar Ampar Pisang | Lagu Daerah Kalimantan Selatan | Budaya Indonesia | Dongeng Kita", "url": "https://www.youtube.com/watch?v=BnBTFaHvI6I"}, {"title": "APUSE | Lagu Daerah Papua | Budaya Indonesia | Dongeng Kita", "url": "https://www.youtube.com/watch?v=VlyDN-yQMuk"}, {"title": "Kicir Kicir | Lagu Daerah Betawi Jakarta Indonesia (Dengan Lirik Karaoke)", "url": "https://www.youtube.com/watch?v=dSixETgnQuA"}, {"title": "Cublak Cublak Suweng | Lagu Daerah Jawa Tengah | Budaya Indonesia | Dongeng Kita", "url": "https://www.youtube.com/watch?v=Qmu4ygwS2SI"}, {"title": "Kampuang Nan Jauh Dimato - Lagu Daerah Sumatera Barat (Karoke, Lirik dan Terjemahan)", "url": "https://www.youtube.com/watch?v=aZ5PYjC61Zk"}, {"title": "( Doremi & You ) Lagu-lagu daerah", "url": "https://www.youtube.com/watch?v=Yyu26I3qW5U"}, {"title": "Ampar Ampar Pisang | Lagu Daerah Kalimantan Selatan | Diva bernyanyi | Diva The Series Official", "url": "https://www.youtube.com/watch?v=gtCS-eJF3kM"}, {"title": "APUSE | Lagu Daerah Papua | Diva bernyanyi | Diva The Series Official", "url": "https://www.youtube.com/watch?v=J_TPrhwM7DI"}, {"title": "Cik Cik Periuk - Lagu Daerah Kalimantan Barat (Karaoke, Lirik dan Terjemahan)", "url": "https://www.youtube.com/watch?v=SEHi-11mdR8"}, {"title": "Kampuang Nan Jauah Di Mato | Lagu Daerah Sumatera Barat | Budaya Indonesia | Dongeng Kita", "url": "https://www.youtube.com/watch?v=eCdjlFwZV0g"}, {"title": "TOKECANG | Lagu Daerah Jawa barat | Budaya Indonesia | Dongeng Kita", "url": "https://www.youtube.com/watch?v=atFo0JEblzo"}, {"title": "Apuse | Lagu Daerah Papua Indonesia", "url": "https://www.youtube.com/watch?v=g5ik2MxVo-Y"}, {"title": "Tokecang - Lagu Daerah Jawa Barat (Karaoke dengan Lirik)", "url": "https://www.youtube.com/watch?v=UOMLy6a3vmQ"}, {"title": "Jali Jali - Lagu Daerah Jakarta (Karaoke dengan Lirik)", "url": "https://www.youtube.com/watch?v=qkfs46zsmzs"}, {"title": "EPIC COLLAB! Lagu DI RUMAH AJA Dalam 42 Bahasa Daerah", "url": "https://www.youtube.com/watch?v=p2Ijw4euF40"}, {"title": "REK AYO REK | Lagu Daerah Jawa Timur | Budaya Indonesia | Dongeng Kita", "url": "https://www.youtube.com/watch?v=QOgxHhsY37E"}, {"title": "Lagu Suwe Ora Jamu - Animasi Cerita Indonesia (ACI)", "url": "https://www.youtube.com/watch?v=_cR8grqP3c8"}, {"title": "EPIC COLLAB! LAGU INDOMIE 13 BAHASA DAERAH", "url": "https://www.youtube.com/watch?v=P5MK7_U-Lec"}, {"title": "Gemu Fa Mi Re - Lagu Daerah NTT (Karaoke dengan Lirik)", "url": "https://www.youtube.com/watch?v=a47hr2jo6Fo"}, {"title": "Potong Bebek Angsa - Lagu Daerah NTT (Karaoke dengan Lirik)", "url": "https://www.youtube.com/watch?v=gAoXXoKZNow"}, {"title": "TENRIBETTA PERKUSI - TAPADA SIPAKAINGA' (SALING MENGINGATKAN)", "url": "https://www.youtube.com/watch?v=xrt6UI_0yMI"}, {"title": "DUET LAGU DAERAH LYODRA DAN JUDIKA Indonesian Idol 2020 SPEKTA TOP 5", "url": "https://www.youtube.com/watch?v=lW3Wd2sRU34"}, {"title": "Tempo Moderato Contoh Lagu Daerah", "url": "https://www.youtube.com/watch?v=ADos_hwpNpw"}, {"title": "Lagu GUNDUL GUNDUL PACUL dari Jawa Tengah", "url": "https://www.youtube.com/watch?v=rlX5v1tqayM"}, {"title": "Suwe Ora Jamu | Lagu Daerah Jawa Tengah Indonesia (Dengan Lirik Karaoke)", "url": "https://www.youtube.com/watch?v=mvFAAhyXSYE"}, {"title": "Prau Layar - Lagu Daerah Jawa Tengah (Karoke, Lirik dan Terjemahan)", "url": "https://www.youtube.com/watch?v=J2p9Vytbm1Q"}, {"title": "Cublak Cublak Suweng | Lagu Daerah Jawa Tengah | Diva bernyanyi | Diva The Series Official", "url": "https://www.youtube.com/watch?v=BWeNBwo1ijY"}, {"title": "Waktu Hujan Sore-Sore | Lagu Daerah Maluku Indonesia", "url": "https://www.youtube.com/watch?v=B1N7ym0wjyw"}, {"title": "ONDEL ONDEL | Lagu Daerah DKI Jakarta - Betawi | Budaya Indonesia | Dongeng Kita", "url": "https://www.youtube.com/watch?v=wardyOl-EHo"}, {"title": "not pianika bolelebo - lagu daerah nusantara indonesia - belajar pianika not angka bolelebo", "url": "https://www.youtube.com/watch?v=7rana-gbgcQ"}, {"title": "APUSE - Lagu Daerah Papua", "url": "https://www.youtube.com/watch?v=iHA6okYL7O0"}, {"title": "Tak Tong Tong - Lagu Daerah Minang SUMATERA BARAT Indonesia C3", "url": "https://www.youtube.com/watch?v=fdPuIHBELpE"}, {"title": "Kampuang Nan Jauh Di Mato | Lagu Daerah Sumatera Barat Indonesia (Dengan Lirik Karaoke)", "url": "https://www.youtube.com/watch?v=oEaJ_8jXkqQ"}, {"title": "Lagu Daerah Provinsi Riau \"Soleram\" Lirik Ada di kolom deskripsi", "url": "https://www.youtube.com/watch?v=3kM-CgjftUQ"}, {"title": "Lagu daerah Maluku - Rasa Sayange", "url": "https://www.youtube.com/watch?v=36Pt94SVYAM"}, {"title": "LAGU DAERAH SUNDA - MANUK DADALI (COVER) Dildil", "url": "https://www.youtube.com/watch?v=j4rvi9S9wo0"}, {"title": "Lagu Daerah Jawa Barat Cing Cangkeling", "url": "https://www.youtube.com/watch?v=bEVWkqsSnPw"}, {"title": "Manuk Dadali | Lagu Daerah Jawa Barat Indonesia", "url": "https://www.youtube.com/watch?v=nsvnXBymqgE"}, {"title": "Lagu Melayu Siak Riau Lagu Daerah Indonesia", "url": "https://www.youtube.com/watch?v=TO8IVLA9ee4"}, {"title": "VIDEO: Begini Gerakan Tarian Indonesia Menari yang Menggabungkan 6 Lagu Daerah", "url": "https://www.youtube.com/watch?v=B-CYX4llir4"}, {"title": "nada piano rasa sayange piano tutorial level 3 - not piano lagu daerah - rasa sayange", "url": "https://www.youtube.com/watch?v=dphXsLakNHc"}, {"title": "Lagu daerah Indonesia", "url": "https://www.youtube.com/watch?v=-1wFhPQ8D-8"}, {"title": "Lagu daerah Jawa Tengah - Andhe andhe lumut", "url": "https://www.youtube.com/watch?v=aAVMTrHDcOQ"}, {"title": "Acapella Medley Lagu Daerah Indonesia , cover oleh Alfiromi", "url": "https://www.youtube.com/watch?v=nOcOXJI3nlc"}, {"title": "Lagu daerah Jawa Tengah - Lir Ilir", "url": "https://www.youtube.com/watch?v=6afnCjIluco"}, {"title": "Acapella Medley Lagu Daerah Indonesia + Beatbox", "url": "https://www.youtube.com/watch?v=zuCQJvpQNcA"}, {"title": "not pianika soleram - lagu daerah melayu - belajar pianika not angka soleram", "url": "https://www.youtube.com/watch?v=xJcysfzFKWI"}, {"title": "Lagu daerah lucu tentang duit_susah cari duit #lagu daerah #daerah Indonesian", "url": "https://www.youtube.com/watch?v=q6r2VY7tp0g"}, {"title": "TEN2FIVE \u2022 TOKECANG | LAGU DAERAH \u2022 JAWA BARAT | HQ AUDIO", "url": "https://www.youtube.com/watch?v=yVzaTfX-bAw"}, {"title": "Anging Mamiri - Lagu Daerah (Moneva's Senior Recital)", "url": "https://www.youtube.com/watch?v=Mvj0Rzptpic"}, {"title": "Lagu Daerah Anak Bungong Jeumpa - Animasi Cerita Indonesia (ACI)", "url": "https://www.youtube.com/watch?v=sRyAhYEbMg0"}, {"title": "Salah satu lagu daerah SULTRA Indonesia wonuanggu PMBK UIN MALANG 2018", "url": "https://www.youtube.com/watch?v=ePB4PQsUDac"}, {"title": "TEN2FIVE \u2022 AYAM DEN LAPEH | LAGU DAERAH \u2022 SUMATERA BARAT | HQ AUDIO", "url": "https://www.youtube.com/watch?v=RDoT8eKOzI8"}, {"title": "KARAOKE RASA SAYANGE Lagu daerah Maluku", "url": "https://www.youtube.com/watch?v=wxA6WxWYNfw"}, {"title": "not pianika tebe onana - lagu daerah nusantara indonesia - belajar pianika not angka tebe ona na", "url": "https://www.youtube.com/watch?v=Wc8nX8tukzY"}, {"title": "Lagu daerah Jakarta - Jali Jali", "url": "https://www.youtube.com/watch?v=sIGf808lS4A"}, {"title": "Gerak Tari Lagu Daerah Indonesia \"Rasa Sayange\"", "url": "https://www.youtube.com/watch?v=yGU_la2BYiI"}, {"title": "LAGU DAERAH DIGABUNG KERENN", "url": "https://www.youtube.com/watch?v=JiOJTH-v-GY"}, {"title": "Kacong Tor Cebbing - Lagu Daerah Madura - Jawa Timur - Indonesia", "url": "https://www.youtube.com/watch?v=ZKRNzG4cIXo"}, {"title": "Lagu Daerah Remix (Acoustic Cover)", "url": "https://www.youtube.com/watch?v=i77fs3uq-JE"}, {"title": "Goro Gorone | Lagu Daerah Maluku Indonesia (Dengan Lirik Karaoke)", "url": "https://www.youtube.com/watch?v=ApTjFuah-rQ"}, {"title": "Lagu-lagu Daerah Indonesia Dalam 1 Menit - Part 2", "url": "https://www.youtube.com/watch?v=jHULc4iE7_s"}, {"title": "Aransemen Lagu Daerah dan Lagu Indonesia Jaya", "url": "https://www.youtube.com/watch?v=FCvODliCyIA"}, {"title": "not pianika injit injit semut - lagu daerah - belajar pianika not angka injit injit semut", "url": "https://www.youtube.com/watch?v=ZHDRSX2n5qc"}, {"title": "Gundul Gundul Pacul | Lagu Daerah Jawa Tengah Indonesia", "url": "https://www.youtube.com/watch?v=swipkK6GN0o"}, {"title": "Rasa sayange - lagu daerah Indonesia populer dari Maluku", "url": "https://www.youtube.com/watch?v=0h7U4vVRIqA"}, {"title": "DoReMi & You - Lagu Daerah Indonesia", "url": "https://www.youtube.com/watch?v=OqmDfc_bMlQ"}, {"title": "Gambang Suling lagu daerah, instrumen By KP", "url": "https://www.youtube.com/watch?v=SGztnhJWd54"}, {"title": "Putri Cening Ayu - Lagu Daerah Bali (Karaoke, Lirik dan Terjemahan)", "url": "https://www.youtube.com/watch?v=_lrn_Mvo0Ww"}, {"title": "Lagu Daerah Indonesia(3)", "url": "https://www.youtube.com/watch?v=tsCXlUkN-Fs"}, {"title": "Tokecang | Lagu Daerah Jawa Barat Indonesia (Dengan Lirik Karaoke)", "url": "https://www.youtube.com/watch?v=Uwb0B2gBOIs"}, {"title": "mashup lagu daerah edisi 17 agustus", "url": "https://www.youtube.com/watch?v=r1xlbl2oKvk"}, {"title": "\"TravisAria\" mashup lagu daerah INDONESIA, Gundul2 Pacul, Cublak2 Sueng", "url": "https://www.youtube.com/watch?v=HfKIVVRme2c"}, {"title": "Indung Indung | Lagu Daerah Kalimantan Timur | Lagu Anak Indonesia Terpopuler", "url": "https://www.youtube.com/watch?v=AANzU7nZDc4"}, {"title": "Cintai Lagu-lagu Daerah Indonesia", "url": "https://www.youtube.com/watch?v=eKxqVR_49g4"}, {"title": "Karaoke Anak. \"lir ilir\". Koplo. ( Lagu Daerah Jawa Tengah ). Tanpa Vokal.", "url": "https://www.youtube.com/watch?v=Ee3jkhO8TDA"}, {"title": "Lagu Mariam Tomong dan Terjemahannya - Lagu Daerah Sumatera Utara", "url": "https://www.youtube.com/watch?v=BVBGqS7lyaQ"}, {"title": "not pianika ampar ampar pisang - lagu daerah - belajar not pianika", "url": "https://www.youtube.com/watch?v=y7WUO78QNdM"}, {"title": "Explor Geser, Maluku, Indonesia. Lagu Daerah", "url": "https://www.youtube.com/watch?v=hol3WRVMUig"}, {"title": "Burung Kakaktua - Lagu Daerah Maluku (Karaoke dengan Lirik)", "url": "https://www.youtube.com/watch?v=x3xxXPfs3Sk"}, {"title": "JOAN - SAJOJO ( LAGU DAERAH PAPUA ) TOP 12 INDONESIAN IDOL", "url": "https://www.youtube.com/watch?v=LQPGYEyz6eA"}, {"title": "Nyello' Aeng [Versi Original] - Lagu Daerah Madura - Jawa Timur - Indonesia", "url": "https://www.youtube.com/watch?v=4ZWXjGqnWqw"}, {"title": "Medley Lagu-Lagu Daerah Orkes Ukulele Indonesia", "url": "https://www.youtube.com/watch?v=w0AIfuGwNps"}, {"title": "Versi latihan tari GKPS Tambun - Tersimpan di hati 12 lagu daerah, Indonesia bagi kemuliaan Mu", "url": "https://www.youtube.com/watch?v=BWKVJxfjzNk"}, {"title": "Tak Tong Tong - Lagu Daerah Sumatera Barat (Karoke, Lirik dan Terjemahan)", "url": "https://www.youtube.com/watch?v=XkxfMvvLlfQ"}, {"title": "MASHUP LAGU DAERAH INDONESIA \ud83c\uddf2\ud83c\udde8", "url": "https://www.youtube.com/watch?v=eYEVryTAgNo"}, {"title": "Lagu Daerah - Rambadia Instrument", "url": "https://www.youtube.com/watch?v=qgkVyTvDzP8"}, {"title": "Medley Metal Lagu Daerah Indonesia : Pulau Sumatera", "url": "https://www.youtube.com/watch?v=1yBT0U3wy1c"}, {"title": "Rasa SAYANGE/ Lagu Daerah Maluku/ Budaya Indonesia", "url": "https://www.youtube.com/watch?v=Gb2L7f5O5Wc"}, {"title": "Rara LIDA Indonesia Nyayikan Lagu Daerah Palembang Ya Saman...", "url": "https://www.youtube.com/watch?v=QBAvMUZuo2o"}, {"title": "Lagu Cingcangkeling - lagu daerah jawa barat - lagu daerah Indonesia", "url": "https://www.youtube.com/watch?v=Nvvm6fplRuc"}, {"title": "Lucunya Ongseongwoo Nyanyiin lagu daerah indonesia di Fanmeet Malaysia", "url": "https://www.youtube.com/watch?v=4GbcfKoemzg"}, {"title": "Sungai Kapuas - Lagu Daerah Kalimantan Barat (Karoke, Lirik dan Terjemahan)", "url": "https://www.youtube.com/watch?v=3nsK4HwFoQw"}, {"title": "Rasa Sayange - Lagu Daerah Indonesia", "url": "https://www.youtube.com/watch?v=gqs5NbS0YOY"}, {"title": "Audisi Doremi & You-Film DOREMI AND YOU 2019", "url": "https://www.youtube.com/watch?v=wsR7olzhR1M"}, {"title": "not pianika saputangan babuncu ampat - lagu daerah - belajar pianika not angka", "url": "https://www.youtube.com/watch?v=ii6e_SuFN6U"}, {"title": "Indung Indung [Versi Original] - Lagu Daerah Kalimantan Timur - Indonesia", "url": "https://www.youtube.com/watch?v=a0JEsR5ixI0"}, {"title": "Gundul Gundul Pacul | Lagu Daerah Jawa Tengah Indonesia | Drum Gundul Gundul Pacul", "url": "https://www.youtube.com/watch?v=8slQWoSXMjY"}, {"title": "Keroncong Kemayoran - Lagu Daerah Jakarta (Karaoke dengan Lirik)", "url": "https://www.youtube.com/watch?v=Ewwwd_TPwBo"}, {"title": "Rambadia | Lagu Daerah Sumatera Utara Indonesia", "url": "https://www.youtube.com/watch?v=l1ujRQFleHc"}, {"title": "Andhep Asor [Versi Original] - Lagu Daerah Madura - Jawa Timur - Indonesia", "url": "https://www.youtube.com/watch?v=dvmnkQllJL8"}, {"title": "not pianika apuse - lagu daerah nusantara indonesia - belajar pianika not angka apuse", "url": "https://www.youtube.com/watch?v=W3IiKtvWhww"}, {"title": "Padang Wulan versi Akustik + arti | Lagu Daerah Jawa Tengah Indonesia Cover by FaelEspada", "url": "https://www.youtube.com/watch?v=WTyd4GVWByU"}, {"title": "Borero - Lagu Daerah Maluku Utara (Karaoke, Lirik dan Terjemahan)", "url": "https://www.youtube.com/watch?v=bT1fbqORkA4"}, {"title": "Nonton Bioskop [Versi Original] - Lagu Daerah Betawi - Jakarta - Indonesia", "url": "https://www.youtube.com/watch?v=VPWdSl8aZSM"}, {"title": "Lagu Daerah | Gundul-Gundul Pacul ( Acapella Instrument )", "url": "https://www.youtube.com/watch?v=tW7Ib_TGJ0U"}, {"title": "Paduan lagu daerah indonesia", "url": "https://www.youtube.com/watch?v=mvMyXXVfrs4"}, {"title": "Lagu daerah Madura - Keraban Sape - Ostentus Choir -PICF 2017] Jawa Timur Indonesia", "url": "https://www.youtube.com/watch?v=JY4xSGW3AuE"}, {"title": "not pianika sarinande - lagu daerah nusantara indonesia - belajar pianika not angka", "url": "https://www.youtube.com/watch?v=o_0honq404k"}, {"title": "Gambang Suling - Lagu Daerah Jawa Tengah (Karaoke, Lirik dan Terjemahan)", "url": "https://www.youtube.com/watch?v=AnIoCWmMeK0"}, {"title": "\"GELANG SIPAKU GELANG\" ( Lagu Daerah Sumatera Barat ). Lagu Anak Indonesia.", "url": "https://www.youtube.com/watch?v=K-wpy_C5arI"}, {"title": "Gundul Gundul Pacul - Lagu Daerah Jawa Tengah - Indonesia", "url": "https://www.youtube.com/watch?v=u_Xj9TzOQI8"}, {"title": "Lagu Daerah Indonesia+Lirik - Hujan Gerimis - Dki Jakarta", "url": "https://www.youtube.com/watch?v=kXXVv8YNKEY"}, {"title": "Cik Cik Periuk lagu daerah Sambas, Kalimantan Barat, Indonesia.", "url": "https://www.youtube.com/watch?v=Kv5tI-l8WCU"}, {"title": "not pianika hela rotan - lagu daerah nusantara indonesia - belajar pianika not angka", "url": "https://www.youtube.com/watch?v=-9IEKuoarqQ"}, {"title": "Ayam Den Lapeh #Metal Version (Lagu Daerah Minang)", "url": "https://www.youtube.com/watch?v=ikaU9OZICO0"}, {"title": "Keraben Sape V1 - Original - Lagu Daerah Madura - Jawa Timur - Indonesia", "url": "https://www.youtube.com/watch?v=QTIt5FEzbVo"}, {"title": "Lagu Jali-Jali - Animasi Cerita Indonesia (ACI)", "url": "https://www.youtube.com/watch?v=qVTUEBODhZ0"}, {"title": "#Lagu Daerah indonesia timu#", "url": "https://www.youtube.com/watch?v=3Fjfq3mYYis"}, {"title": "Popatapo By Mozes Petta II Folklore II Indonesia II Lagu Daerah Ambon Manise II Maluku", "url": "https://www.youtube.com/watch?v=0I_w-qcmF_0"}, {"title": "not pianika bunga jeumpa - lagu daerah - belajar pianika not angka bungong jeumpa", "url": "https://www.youtube.com/watch?v=XA1uz0Xp6f0"}, {"title": "Anak Kambing Saya - Lagu Daerah NTT (Karaoke dengan Lirik)", "url": "https://www.youtube.com/watch?v=LoiEOghosVU"}, {"title": "Ratu Anom - Lagu Daerah Bali (Karoke dengan Lirik)", "url": "https://www.youtube.com/watch?v=5o2_neQoKTg"}, {"title": "Lagu Daerah Indonesia | Sumatera Utara - Rambadia | Wisata Alam Sumatera Utara", "url": "https://www.youtube.com/watch?v=klNzI1SESJs"}, {"title": "Lagu Daerah Anak Cublak-Cublak Suweng - Animasi Cerita Indonesia (ACI)", "url": "https://www.youtube.com/watch?v=VdZ17zFyMKE"}, {"title": "Injit Injit Semut | Lagu Daerah Jambi Indonesia", "url": "https://www.youtube.com/watch?v=5JwO_bHE93I"}, {"title": "not pianika lissoi - lagu daerah - belajar pianika not angka lisoi", "url": "https://www.youtube.com/watch?v=eAbioNjPpw4"}, {"title": "Aceh Lon Sayang - Lagu Daerah Aceh (Karaoke, Lirik dan Terjemahan)", "url": "https://www.youtube.com/watch?v=Qjzn5eS_ns0"}, {"title": "Lagu Daerah Indonesia+Lirik - Cublak-Cublak Suweng - Jawa Tengah", "url": "https://www.youtube.com/watch?v=nbkMQeSOMWw"}, {"title": "Manasai | Lagu Daerah Kalimantan Tengah Indonesia", "url": "https://www.youtube.com/watch?v=l1u-VKxMpC8"}, {"title": "Marion Jola menyanyikan lagu daerah Kupang dengan merdu 7 || INDONESIAN IDOL 2018", "url": "https://www.youtube.com/watch?v=uF6kvZOkkEc"}, {"title": "not pianika suwe ora jamu - lagu daerah tradisional indonesia - belajar pianika not angka", "url": "https://www.youtube.com/watch?v=4G8yYNUxf58"}, {"title": "Susun Lagu Daerah Indonesia (Sulada Indo)", "url": "https://www.youtube.com/watch?v=pbCku7AYirY"}, {"title": "Rambadia - Lagu Daerah Sumatera Utara (Karaoke dengan Lirik)", "url": "https://www.youtube.com/watch?v=A6l3lXj-ECQ"}, {"title": "Lagu Daerah Riau - Soleram Instrument", "url": "https://www.youtube.com/watch?v=vCtuKofYJ-o"}, {"title": "Lagu Daerah Indonesia+Lirik - Lenggang Kangkung - Dki Jakarta", "url": "https://www.youtube.com/watch?v=36ONS_PaupM"}, {"title": "Ampar Ampar Pisang | Lagu Daerah Kalimantan Selatan Indonesia", "url": "https://www.youtube.com/watch?v=DIpSRg584Pg"}, {"title": "MEDLEY LAGU DAERAH INDONESIA (Berasa Keliling Indonesia dengan ini) versi acapella", "url": "https://www.youtube.com/watch?v=0FsCs4bfoa0"}, {"title": "not pianika gundul gundul pacul - lagu daerah / nusantara / tradisional indonesia - not angka", "url": "https://www.youtube.com/watch?v=Sz_ivN9DXIY"}, {"title": "Lagu Daerah Indonesia+Lirik - Surilang - Dki Jakarta", "url": "https://www.youtube.com/watch?v=QRwr0-VrLbU"}, {"title": "Paris Barantai - Kalimantan Selatan, Lagu Daerah Indonesia", "url": "https://www.youtube.com/watch?v=mvBwjkQY8h4"}, {"title": "[Midi Karaoke] \u266c Lagu Daerah - Cublak-Cublak Suweng \u266c +Lirik Lagu [High Quality Sound]", "url": "https://www.youtube.com/watch?v=H4QditXtGjo"}, {"title": "Belajar Lagu Daerah Indonesia \"Kawanku27 SDN Leuwikidang", "url": "https://www.youtube.com/watch?v=gp5tGngzjWo"}, {"title": "[Midi Karaoke] \u266c Suwe Ora Jamu \u2013 Lagu Daerah Yogyakarta \u266c +Lirik Lagu", "url": "https://www.youtube.com/watch?v=6NjpySvmbBE"}, {"title": "Manuk Dadali - Jawa Barat, Lagu Daerah Indonesia", "url": "https://www.youtube.com/watch?v=0OBU8HHLjVI"}, {"title": "not pianika rasa sayange - lagu daerah - belajar pianika not angka rasa sayange", "url": "https://www.youtube.com/watch?v=uHTXfJRoADc"}, {"title": "Belajar Lagu Daerah Indonesia \"Kawanku27 SDN Leuwikidang\"", "url": "https://www.youtube.com/watch?v=-6E4cX1rT0w"}, {"title": "mirip lagu daerah indonesia", "url": "https://www.youtube.com/watch?v=pXtPFDKwYyo"}, {"title": "MERINDING!!! Lagu-lagu Daerah Indonesia Menggetarkan Vatikan", "url": "https://www.youtube.com/watch?v=bPtpjMXIKco"}, {"title": "Lagu Daerah Wawonii Plus Lirik dan Terjemahan Ke dalam Bahasa Indonesia", "url": "https://www.youtube.com/watch?v=bZq62CrB_l8"}, {"title": "Lagu-Lagu Daerah Indonesia Dalam 1 Menit - Part 1 (Minecraft NoteBlock song)", "url": "https://www.youtube.com/watch?v=YZOIqiEAw34"}, {"title": "Peuyeum Bandung - Lagu Daerah Jawa Barat (Karaoke, Lirik dan Terjemahan)", "url": "https://www.youtube.com/watch?v=BpLWWVY4g0c"}, {"title": "Lagu Anak RASA SAYANGE - Lagu Daerah Indonesia \u25cf TERBARU", "url": "https://www.youtube.com/watch?v=7Q_q9JqFTYI"}, {"title": "not pianika manuk dadali - lagu daerah nusantara tradisional indonesia - tutorial pianika not angka", "url": "https://www.youtube.com/watch?v=V-rGD-43MgI"}, {"title": "Bolelebo - Ester", "url": "https://www.youtube.com/watch?v=wBQqZr5zPiA"}, {"title": "ORANG KOREA DITANTANG NYANYI LAGU DAERAH INDONESIA (BAHASA SUNDA) | SEASONKEPO |", "url": "https://www.youtube.com/watch?v=OSd4f5AgSRg"}, {"title": "Kicir Kicir | Lagu Daerah Betawi Jakarta Indonesia Dengan Lirik Karaoke", "url": "https://www.youtube.com/watch?v=A9j9D5uZ9_Q"}, {"title": "Lagu - lagu daerah Indonesia", "url": "https://www.youtube.com/watch?v=JqAbm01UaGg"}, {"title": "Tana Wolio - Lagu Daerah Sulawesi Tenggara (Karaoke dengan Lirik)", "url": "https://www.youtube.com/watch?v=GC7315013EM"}, {"title": "Marion menyanyikan lagu daerah NTT", "url": "https://www.youtube.com/watch?v=s6Yw_qNGLDM"}, {"title": "Neng Geulis - Lagu Daerah Jawa Barat (Karaoke, Lirik dan Terjemahan)", "url": "https://www.youtube.com/watch?v=LHnr682r2qg"}, {"title": "( Lirik Lagu ) Gundul Gundul Pacul | Lagu Daerah Jawa Tengah Indonesia", "url": "https://www.youtube.com/watch?v=X-RWNsZiK1Y"}, {"title": "Acapella Medley Lagu Daerah Indonesia , cover oleh Alfiromi", "url": "https://www.youtube.com/watch?v=nOcOXJI3nlc"}, {"title": "Lagu Daerah (Papua) - Yamko Rambe Yamko", "url": "https://www.youtube.com/watch?v=PZlpjWP8plo"}, {"title": "Manuk dadali chord (lagu daerah jawa barat)", "url": "https://www.youtube.com/watch?v=3qOOPOe5bGQ"}, {"title": "Lagu Daerah Indonesia +lirik - Pepeling - Jawa Barat", "url": "https://www.youtube.com/watch?v=-wigkOMg_wA"}, {"title": "LAGU DAERAH SI PATOKAAN - Studio Session by HoneybeaT", "url": "https://www.youtube.com/watch?v=Jl7GEFRUV0U"}, {"title": "not pianika yamko rambe yamko - lagu daerah nusantara indonesia - belajar pianika not angka", "url": "https://www.youtube.com/watch?v=dbCyxXUV5Cs"}, {"title": "Lagu Cingcangkeling - lagu daerah jawa barat - lagu daerah Indonesia - tugas tema kelas 3 sd", "url": "https://www.youtube.com/watch?v=MUyIYOIopNM"}, {"title": "LAGU DAERAH SULAWESI UTARA - SI PATOKAAN (COVER) Akbar", "url": "https://www.youtube.com/watch?v=YimpiejJvOo"}, {"title": "Medley Lagu Daerah Indonesia Piano Cover By : Arya Marcell", "url": "https://www.youtube.com/watch?v=zb0LWCu40t8"}, {"title": "melodi lagu sarinande - not balok tutorial piano tingkat 3 - not lagu daerah - instrumen", "url": "https://www.youtube.com/watch?v=2ZsyuzP2h_A"}, {"title": "Padang Wulan | Lagu Daerah Jawa Tengah Indonesia", "url": "https://www.youtube.com/watch?v=sa90nhjR5Ek"}, {"title": "Burung Tantina | Lagu Daerah Maluku Indonesia (Dengan Lirik Karaoke)", "url": "https://www.youtube.com/watch?v=7C1pzW46ur4"}, {"title": "not pianika bubuy bulan - lagu daerah / nusantara / tradisional indonesia - not angka", "url": "https://www.youtube.com/watch?v=uf50r_Vm4Yw"}, {"title": "not angka cublak cublak suweng - lagu daerah tradisional nusantara indonesia - doremifasola", "url": "https://www.youtube.com/watch?v=QYhdPfuODok"}, {"title": "Lagu Yamko Rambe Yamko - Animasi Cerita Indonesia (ACI)", "url": "https://www.youtube.com/watch?v=HY_gTFciG70"}]