[{"title": "Manuk Dadali - Lagu Daerah Jawa Barat (Karaoke, Lirik dan Terjemahan)", "url": "https://www.youtube.com/watch?v=LcghTxm-Qno"}, {"title": "Ampar Ampar Pisang | Lagu Daerah Kalimantan Selatan | Budaya Indonesia | Dongeng Kita", "url": "https://www.youtube.com/watch?v=BnBTFaHvI6I"}, {"title": "APUSE | Lagu Daerah Papua | Budaya Indonesia | Dongeng Kita", "url": "https://www.youtube.com/watch?v=VlyDN-yQMuk"}, {"title": "Kicir Kicir | Lagu Daerah Betawi Jakarta Indonesia (Dengan Lirik Karaoke)", "url": "https://www.youtube.com/watch?v=dSixETgnQuA"}, {"title": "Cublak Cublak Suweng | Lagu Daerah Jawa Tengah | Budaya Indonesia | Dongeng Kita", "url": "https://www.youtube.com/watch?v=Qmu4ygwS2SI"}, {"title": "EPIC COLLAB! Lagu DI RUMAH AJA Dalam 42 Bahasa Daerah", "url": "https://www.youtube.com/watch?v=p2Ijw4euF40"}, {"title": "Kampuang Nan Jauh Dimato - Lagu Daerah Sumatera Barat (Karoke, Lirik dan Terjemahan)", "url": "https://www.youtube.com/watch?v=aZ5PYjC61Zk"}, {"title": "Ampar Ampar Pisang | Lagu Daerah Kalimantan Selatan | Diva bernyanyi | Diva The Series Official", "url": "https://www.youtube.com/watch?v=gtCS-eJF3kM"}, {"title": "Apuse | Lagu Daerah Papua Indonesia", "url": "https://www.youtube.com/watch?v=g5ik2MxVo-Y"}, {"title": "Kampuang Nan Jauah Di Mato | Lagu Daerah Sumatera Barat | Budaya Indonesia | Dongeng Kita", "url": "https://www.youtube.com/watch?v=eCdjlFwZV0g"}, {"title": "TOKECANG | Lagu Daerah Jawa barat | Budaya Indonesia | Dongeng Kita", "url": "https://www.youtube.com/watch?v=atFo0JEblzo"}, {"title": "Rek Ayo Rek - Lagu Daerah Jawa Timur (Karaoke, Lirik dan Terjemahan)", "url": "https://www.youtube.com/watch?v=gk0kk1Ly-m0"}, {"title": "Tokecang - Lagu Daerah Jawa Barat (Karaoke dengan Lirik)", "url": "https://www.youtube.com/watch?v=UOMLy6a3vmQ"}, {"title": "Jali Jali - Lagu Daerah Jakarta (Karaoke dengan Lirik)", "url": "https://www.youtube.com/watch?v=qkfs46zsmzs"}, {"title": "( Doremi & You ) Lagu-lagu daerah", "url": "https://www.youtube.com/watch?v=Yyu26I3qW5U"}, {"title": "Gemu Fa Mi Re - Lagu Daerah NTT (Karaoke dengan Lirik)", "url": "https://www.youtube.com/watch?v=a47hr2jo6Fo"}, {"title": "LAGU DAERAH,KINCIR KINCIR(BETAWI/JAKARTA)", "url": "https://www.youtube.com/watch?v=DjOjWd8ev90"}, {"title": "Lagu Jali-Jali - Animasi Cerita Indonesia (ACI)", "url": "https://www.youtube.com/watch?v=qVTUEBODhZ0"}, {"title": "ONDEL-ONDEL | LAGU DAERAH | INDONESIA | Versi Terbaru (Official Lyric Video)", "url": "https://www.youtube.com/watch?v=47JkHE6ccvQ"}, {"title": "Apuse - Lagu Daerah Papua (Karaoke, Lirik dan Terjemahan)", "url": "https://www.youtube.com/watch?v=lJPO-qIAKWs"}, {"title": "Lagu daerah Jawa Tengah - Andhe andhe lumut", "url": "https://www.youtube.com/watch?v=aAVMTrHDcOQ"}, {"title": "Tempo Moderato Contoh Lagu Daerah", "url": "https://www.youtube.com/watch?v=ADos_hwpNpw"}, {"title": "REK AYO REK | Lagu Daerah Jawa Timur | Budaya Indonesia | Dongeng Kita", "url": "https://www.youtube.com/watch?v=QOgxHhsY37E"}, {"title": "Lagu GUNDUL GUNDUL PACUL dari Jawa Tengah", "url": "https://www.youtube.com/watch?v=rlX5v1tqayM"}, {"title": "Injit Injit Semut - Lagu Daerah Jambi (Karaoke dengan Lirik)", "url": "https://www.youtube.com/watch?v=1SO0R96Wu_Q"}, {"title": "Belinda Bernyanyi #07 APUSE ( lagu daerah Papua ) - Lagu Anak Indonesia", "url": "https://www.youtube.com/watch?v=hQkEA3vXdF8"}, {"title": "TEN2FIVE \u2022 TOKECANG | LAGU DAERAH \u2022 JAWA BARAT | HQ AUDIO", "url": "https://www.youtube.com/watch?v=yVzaTfX-bAw"}, {"title": "TEN2FIVE \u2022 AYAM DEN LAPEH | LAGU DAERAH \u2022 SUMATERA BARAT | HQ AUDIO", "url": "https://www.youtube.com/watch?v=RDoT8eKOzI8"}, {"title": "DUET LAGU DAERAH LYODRA DAN JUDIKA Indonesian Idol 2020 SPEKTA TOP 5", "url": "https://www.youtube.com/watch?v=lW3Wd2sRU34"}, {"title": "Potong Bebek Angsa - Lagu Daerah NTT (Karaoke dengan Lirik)", "url": "https://www.youtube.com/watch?v=gAoXXoKZNow"}, {"title": "Waktu Hujan Sore-Sore | Lagu Daerah Maluku Indonesia", "url": "https://www.youtube.com/watch?v=B1N7ym0wjyw"}, {"title": "LIRIK MANUK DADALI - Lagu Daerah Jawa Barat", "url": "https://www.youtube.com/watch?v=TkGYa50irIk"}, {"title": "Lagu Daerah Provinsi Riau \"Soleram\" Lirik Ada di kolom deskripsi", "url": "https://www.youtube.com/watch?v=3kM-CgjftUQ"}, {"title": "(Lagu daerah Indonesia) Rek Ayo Rek Jawa Timur by Sholam Fingerstyle", "url": "https://www.youtube.com/watch?v=iEpZESeDk_Y"}, {"title": "Acapella Medley Lagu Daerah Indonesia , cover oleh Alfiromi", "url": "https://www.youtube.com/watch?v=nOcOXJI3nlc"}, {"title": "Suwe Ora Jamu | Lagu Daerah Jawa Tengah Indonesia (Dengan Lirik Karaoke)", "url": "https://www.youtube.com/watch?v=mvFAAhyXSYE"}, {"title": "Manuk Dadali | Lagu Daerah Jawa Barat Indonesia", "url": "https://www.youtube.com/watch?v=nsvnXBymqgE"}, {"title": "Cik Cik Periuk - Lagu Daerah Kalimantan Barat (Karaoke, Lirik dan Terjemahan)", "url": "https://www.youtube.com/watch?v=SEHi-11mdR8"}, {"title": "Lagu Daerah Aceh Bungong Jeumpa Instrument", "url": "https://www.youtube.com/watch?v=HzGBKz4aQkM"}, {"title": "Lagu daerah Jakarta - Jali Jali", "url": "https://www.youtube.com/watch?v=sIGf808lS4A"}, {"title": "Lagu Daerah Maluku Hella Rotane Instrument", "url": "https://www.youtube.com/watch?v=jJXVYovN0Ck"}, {"title": "TEN2FIVE \u2022 SIPATOKAAN | LAGU DAERAH \u2022 SULAWESI UTARA | HQ AUDIO", "url": "https://www.youtube.com/watch?v=y2XqiCeYOBs"}, {"title": "Cublak Cublak Suweng | Lagu Daerah Jawa Tengah | Diva bernyanyi | Diva The Series Official", "url": "https://www.youtube.com/watch?v=BWeNBwo1ijY"}, {"title": "ONDEL ONDEL | Lagu Daerah DKI Jakarta - Betawi | Budaya Indonesia | Dongeng Kita", "url": "https://www.youtube.com/watch?v=wardyOl-EHo"}, {"title": "Lagu daerah lucu tentang duit_susah cari duit #lagu daerah #daerah Indonesian", "url": "https://www.youtube.com/watch?v=q6r2VY7tp0g"}, {"title": "Lagu Daerah (Papua) - Yamko Rambe Yamko", "url": "https://www.youtube.com/watch?v=PZlpjWP8plo"}, {"title": "not pianika soleram - lagu daerah melayu - belajar pianika not angka soleram", "url": "https://www.youtube.com/watch?v=xJcysfzFKWI"}, {"title": "APUSE | Lagu Daerah Papua | Diva bernyanyi | Diva The Series Official", "url": "https://www.youtube.com/watch?v=J_TPrhwM7DI"}, {"title": "Juliandry ft Marion Jola nyanyi lagu daerah...!!!", "url": "https://www.youtube.com/watch?v=D8NdkW3aWmI"}, {"title": "Timang Timang Anakku Sayang - Lagu Daerah JAMBI Indonesia C3", "url": "https://www.youtube.com/watch?v=CWsmBkbdUx4"}, {"title": "Lagu daerah Sulawesi Tenggara - Tana wolio", "url": "https://www.youtube.com/watch?v=BHXjexDRgBM"}, {"title": "Rasa Sayange - Lagu Daerah Maluku (Karaoke dengan Lirik)", "url": "https://www.youtube.com/watch?v=IX9NEDR09dM"}, {"title": "Lagu Melayu Siak Riau Lagu Daerah Indonesia", "url": "https://www.youtube.com/watch?v=TO8IVLA9ee4"}, {"title": "MEDLEY LAGU DAERAH NUSANTARA - 9 LAGU 1 MENIT", "url": "https://www.youtube.com/watch?v=F2olwt3Z9ig"}, {"title": "Lagu Daerah Indonesia+Lirik - Lenggang Kangkung - Dki Jakarta", "url": "https://www.youtube.com/watch?v=36ONS_PaupM"}, {"title": "not pianika bolelebo - lagu daerah nusantara indonesia - belajar pianika not angka bolelebo", "url": "https://www.youtube.com/watch?v=7rana-gbgcQ"}, {"title": "MEDLEY LAGU DAERAH INDONESIA (Berasa Keliling Indonesia dengan ini) versi acapella", "url": "https://www.youtube.com/watch?v=0FsCs4bfoa0"}, {"title": "Mejangeran lirik | lagu daerah bali|lagu nusantara|lagu indonesia", "url": "https://www.youtube.com/watch?v=OTzIH5USYlE"}, {"title": "not pianika injit injit semut - lagu daerah - belajar pianika not angka injit injit semut", "url": "https://www.youtube.com/watch?v=ZHDRSX2n5qc"}, {"title": "not angka mentok mentok - lagu daerah tradisional nusantara indonesia - doremi", "url": "https://www.youtube.com/watch?v=Cf8DBB5oK-k"}, {"title": "Rossa Bangga Galih Widya Bawakan Lagu Daerah | Room Audition 3 | Rising Star Indonesia 2018", "url": "https://www.youtube.com/watch?v=nahrQdhVPDc"}, {"title": "Rasa sayange - lagu daerah Indonesia populer dari Maluku", "url": "https://www.youtube.com/watch?v=0h7U4vVRIqA"}, {"title": "Lagu Cingcangkeling - lagu daerah jawa barat - lagu daerah Indonesia - tugas tema kelas 3 sd", "url": "https://www.youtube.com/watch?v=MUyIYOIopNM"}, {"title": "Lagu Daerah Indonesia | NTT - Gemu Fa Mi Re | Wisata Alam NTT | Eksotika Nada Nusantara", "url": "https://www.youtube.com/watch?v=RKmJIzw5vZ4"}, {"title": "Gundul Gundul Pacul | Lagu Daerah Jawa Tengah Indonesia", "url": "https://www.youtube.com/watch?v=swipkK6GN0o"}, {"title": "TEMPO ALLEGRO | Contoh Lagu Daerah Indonesia", "url": "https://www.youtube.com/watch?v=4JG06S9IaIY"}, {"title": "Lagu Daerah Indonesia | Sumatera Utara - Rambadia | Wisata Alam Sumatera Utara", "url": "https://www.youtube.com/watch?v=klNzI1SESJs"}, {"title": "not angka dondong apa salak - lagu daerah tradisional nusantara indonesia - doremifasol", "url": "https://www.youtube.com/watch?v=5xio1BPURBI"}, {"title": "not pianika ole ole bandung - lagu daerah tradisional indonesia - tutorial pianika not angka", "url": "https://www.youtube.com/watch?v=FDZSRpbcSEo"}, {"title": "MANTAP BANGET!! Hari-Jambi Hapal Lagu-Lagu Daerah Indonesia | LIDA 2020", "url": "https://www.youtube.com/watch?v=Cr2jTMZ_4nM"}, {"title": "not angka ole ole bandung - lagu daerah tradisional nusantara indonesia - doremi", "url": "https://www.youtube.com/watch?v=Ppl-KEhs4u0"}, {"title": "Ampar Ampar Pisang - Lagu Daerah Kalimantan Selatan (Karaoke dengan Lirik)", "url": "https://www.youtube.com/watch?v=nZIpmd4DLwE"}, {"title": "nada piano bungong jeumpa tutorial piano level 3 - lagu piano lagu daerah - not bungong jeumpa", "url": "https://www.youtube.com/watch?v=7Cix4AI9iz0"}, {"title": "Lagu daerah Indonesia", "url": "https://www.youtube.com/watch?v=-1wFhPQ8D-8"}, {"title": "Keraben Sape V1 - Original - Lagu Daerah Madura - Jawa Timur - Indonesia", "url": "https://www.youtube.com/watch?v=QTIt5FEzbVo"}, {"title": "Lagu daerah indonesia", "url": "https://www.youtube.com/watch?v=-aemOir9u4c"}, {"title": "Kampuang Nan Jauh Di Mato | Lagu Daerah Sumatera Barat Indonesia (Dengan Lirik Karaoke)", "url": "https://www.youtube.com/watch?v=oEaJ_8jXkqQ"}, {"title": "Lagu Daerah Indonesia+lirik - Jawa Barat - Peuyeum Bandung", "url": "https://www.youtube.com/watch?v=amYvvEEKE18"}, {"title": "Gambang Suling lagu daerah, instrumen By KP", "url": "https://www.youtube.com/watch?v=SGztnhJWd54"}, {"title": "JOAN - SAJOJO ( LAGU DAERAH PAPUA ) TOP 12 INDONESIAN IDOL", "url": "https://www.youtube.com/watch?v=LQPGYEyz6eA"}, {"title": "Lagu Daerah Indonesia | Jawa Timur - Rek Ayo Rek | Wisata Alam Jawa Timur | Eksotika Nada Nusantara", "url": "https://www.youtube.com/watch?v=rgnxynGYyvg"}, {"title": "not pianika tebe onana - lagu daerah nusantara indonesia - belajar pianika not angka tebe ona na", "url": "https://www.youtube.com/watch?v=Wc8nX8tukzY"}, {"title": "Lagu Daerah Provinsi Sumatera Utara \"Rambadia\" Lirik Ada Dikolom Deskripsi", "url": "https://www.youtube.com/watch?v=Lk9ctiJXLoo"}, {"title": "Lagu Daerah Indonesia+Lirik - Surilang - Dki Jakarta", "url": "https://www.youtube.com/watch?v=QRwr0-VrLbU"}, {"title": "\"GELANG SIPAKU GELANG\" ( Lagu Daerah Sumatera Barat ). Lagu Anak Indonesia.", "url": "https://www.youtube.com/watch?v=K-wpy_C5arI"}, {"title": "LAGU DAERAH INDONESIA LAGU DAEREAH BANTEN 'JEREH BU GURU''", "url": "https://www.youtube.com/watch?v=oSuB8u1WyrI"}, {"title": "Inilah lagu perpaduan yang indah dari lagu lagu daerah indonesia", "url": "https://www.youtube.com/watch?v=3ZAbvB3palc"}, {"title": "not pianika lissoi - lagu daerah - belajar pianika not angka lisoi", "url": "https://www.youtube.com/watch?v=eAbioNjPpw4"}, {"title": "Prau Layar - Lagu Daerah Jawa Tengah (Karoke, Lirik dan Terjemahan)", "url": "https://www.youtube.com/watch?v=J2p9Vytbm1Q"}, {"title": "Mepertahankan lagu daerah INDONESIA! ||Indonesia Tanah Air Beta||", "url": "https://www.youtube.com/watch?v=WAXgHf68ajU"}, {"title": "Lagu Daerah - Rambadia Instrument", "url": "https://www.youtube.com/watch?v=qgkVyTvDzP8"}, {"title": "Salah satu lagu daerah SULTRA Indonesia wonuanggu PMBK UIN MALANG 2018", "url": "https://www.youtube.com/watch?v=ePB4PQsUDac"}, {"title": "Lagu Mariam Tomong dan Terjemahannya - Lagu Daerah Sumatera Utara", "url": "https://www.youtube.com/watch?v=BVBGqS7lyaQ"}, {"title": "Medley Metal Lagu Daerah Indonesia : Pulau Sumatera", "url": "https://www.youtube.com/watch?v=1yBT0U3wy1c"}, {"title": "Cing Cangkeling - Lagu Daerah Jawa Barat (Karaoke dengan Lirik)", "url": "https://www.youtube.com/watch?v=RhLU7D62Mug"}, {"title": "Manasai | Lagu Daerah Kalimantan Tengah Indonesia", "url": "https://www.youtube.com/watch?v=l1u-VKxMpC8"}, {"title": "Acapella Medley Lagu Daerah Indonesia + Beatbox", "url": "https://www.youtube.com/watch?v=zuCQJvpQNcA"}, {"title": "Lagu Anak LIR ILIR - Lagu Daerah Indonesia \ud83d\udd25 TERBARU \u25cf Full HD", "url": "https://www.youtube.com/watch?v=7OreeOdFtvY"}, {"title": "Gerak Tari Lagu Daerah Indonesia \"Rasa Sayange\"", "url": "https://www.youtube.com/watch?v=yGU_la2BYiI"}, {"title": "Apuse - Lagu Daerah Papua - Indonesia", "url": "https://www.youtube.com/watch?v=_JRq_C2PBF4"}, {"title": "not pianika gundul gundul pacul - lagu daerah / nusantara / tradisional indonesia - not angka", "url": "https://www.youtube.com/watch?v=Sz_ivN9DXIY"}, {"title": "Indung Indung | Lagu Daerah Kalimantan Timur | Lagu Anak Indonesia Terpopuler", "url": "https://www.youtube.com/watch?v=AANzU7nZDc4"}, {"title": "Binthe Biluhuta ( Ver. Eka Pratiwi Electone)", "url": "https://www.youtube.com/watch?v=8LJxZDvJMG8"}, {"title": "Yamko Rambe Yamko - Lagu Daerah Papua (Karaoke dengan Lirik)", "url": "https://www.youtube.com/watch?v=7D39Bn24Gac"}, {"title": "Parade Lagu Daerah Taman Mini Indonesia Indah Tahun 2019", "url": "https://www.youtube.com/watch?v=79bqqJnN_F8"}, {"title": "Lagu Daerah Indonesia | NTT - Mana Lolo Banda | Wisata Alam NTT | Eksotika Nada Nusantara", "url": "https://www.youtube.com/watch?v=7VnXsC7-hII"}, {"title": "Tak Tong Tong | Lagu Daerah Minang Sumatera Barat Indonesia (Dengan Lirik Karaoke)", "url": "https://www.youtube.com/watch?v=VvNeK6I-6i0"}, {"title": "Anging Mamiri - Lagu Daerah Sulawesi Selatan (Karaoke, Lirik dan Terjemahan)", "url": "https://www.youtube.com/watch?v=2ZgdnDA2uD4"}, {"title": "Kicir Kicir | Lagu Daerah Betawi Jakarta Indonesia Dengan Lirik Karaoke", "url": "https://www.youtube.com/watch?v=A9j9D5uZ9_Q"}, {"title": "Aceh Lon Sayang - Lagu Daerah Aceh (Karaoke, Lirik dan Terjemahan)", "url": "https://www.youtube.com/watch?v=Qjzn5eS_ns0"}, {"title": "Ayam Den Lapeh #Metal Version (Lagu Daerah Minang)", "url": "https://www.youtube.com/watch?v=ikaU9OZICO0"}, {"title": "Lagu-Lagu Daerah Indonesia Dalam 1 Menit - Part 1 (Minecraft NoteBlock song)", "url": "https://www.youtube.com/watch?v=YZOIqiEAw34"}, {"title": "Bolelebo - Ester", "url": "https://www.youtube.com/watch?v=wBQqZr5zPiA"}, {"title": "melodi apuse - not balok tutorial piano level 3 - not lagu daerah tradisional - instrumental", "url": "https://www.youtube.com/watch?v=v4l80Dk7lkQ"}, {"title": "LAGU DAERAH MAKASSAR - ANGING MAMIRI (COVER) Dildil", "url": "https://www.youtube.com/watch?v=5Bhi6nNyu-g"}, {"title": "not pianika saputangan babuncu ampat - lagu daerah - belajar pianika not angka", "url": "https://www.youtube.com/watch?v=ii6e_SuFN6U"}, {"title": "Lagu Daerah Indonesia | Sumatera Utara - Butet | Wisata Alam Sumatera Utara", "url": "https://www.youtube.com/watch?v=_Py9SsyFGkA"}, {"title": "Padang Wulan | Lagu Daerah Jawa Tengah Indonesia", "url": "https://www.youtube.com/watch?v=sa90nhjR5Ek"}, {"title": "melodi lagu sarinande - not balok tutorial piano tingkat 3 - not lagu daerah - instrumen", "url": "https://www.youtube.com/watch?v=2ZsyuzP2h_A"}, {"title": "Nelayan, lagu anak anak indonesia,lagu anak anak bangka belitung,lagu daerah bangka belitung lucu", "url": "https://www.youtube.com/watch?v=Bt3HiZ90IEg"}, {"title": "Lagu Daerah Indonesia | Sumatera Utara - Sinaggar Tullo | Wisata Alam Sumatera Utara", "url": "https://www.youtube.com/watch?v=maumRO7tbyQ"}, {"title": "not angka bolelebo - not angka lagu daerah", "url": "https://www.youtube.com/watch?v=nOmdny9m4jg"}, {"title": "Metallica Nyanyi Lagu daerah Indonesia", "url": "https://www.youtube.com/watch?v=hH-9808Qzs0"}, {"title": "Lagu Daerah Aceh Bungong Jeumpa Instrument", "url": "https://www.youtube.com/watch?v=HzGBKz4aQkM"}, {"title": "not pianika bunga jeumpa - lagu daerah - belajar pianika not angka bungong jeumpa", "url": "https://www.youtube.com/watch?v=XA1uz0Xp6f0"}, {"title": "not pianika o ina nike - lagu daerah - belajar pianika not angka o ina nike", "url": "https://www.youtube.com/watch?v=M91U83DS_NE"}, {"title": "Ampar Ampar Pisang | Lagu Daerah Kalimantan Selatan Indonesia", "url": "https://www.youtube.com/watch?v=DIpSRg584Pg"}, {"title": "not pianika manuk dadali - lagu daerah nusantara tradisional indonesia - tutorial pianika not angka", "url": "https://www.youtube.com/watch?v=V-rGD-43MgI"}, {"title": "Rambadia | Lagu Daerah Sumatera Utara Indonesia (Dengan Lirik Karaoke)", "url": "https://www.youtube.com/watch?v=itgBvpVGJ-s"}, {"title": "Putri Cening Ayu - Lagu Daerah Bali (Karaoke, Lirik dan Terjemahan)", "url": "https://www.youtube.com/watch?v=_lrn_Mvo0Ww"}, {"title": "not pianika gending sriwijaya - lagu daerah - belajar pianika not angka gending sriwijaya", "url": "https://www.youtube.com/watch?v=OD9WW_J4r8o"}, {"title": "nada piano bungong jeumpa tutorial piano level 3 - lagu piano lagu daerah - not bungong jeumpa", "url": "https://www.youtube.com/watch?v=7Cix4AI9iz0"}, {"title": "LAGU DAERAH SI PATOKAAN - Studio Session by HoneybeaT", "url": "https://www.youtube.com/watch?v=Jl7GEFRUV0U"}, {"title": "Anak Kambing Saya - Lagu Daerah NTT (Karaoke dengan Lirik)", "url": "https://www.youtube.com/watch?v=LoiEOghosVU"}, {"title": "Burung Kakaktua - Lagu Daerah Maluku (Karaoke dengan Lirik)", "url": "https://www.youtube.com/watch?v=x3xxXPfs3Sk"}, {"title": "not pianika hela rotan - lagu daerah nusantara indonesia - belajar pianika not angka", "url": "https://www.youtube.com/watch?v=-9IEKuoarqQ"}, {"title": "Lagu Daerah Riau - Soleram Instrument", "url": "https://www.youtube.com/watch?v=vCtuKofYJ-o"}, {"title": "Lagu daerah Sulawesi Tenggara - Tana wolio", "url": "https://www.youtube.com/watch?v=BHXjexDRgBM"}, {"title": "Tana Ma Pa Ihi - Elson and friends - lagu daerah sumba (official) #OSA", "url": "https://www.youtube.com/watch?v=WHr0wCvoj18"}, {"title": "not pianika ondel ondel - lagu daerah jakarta - belajar pianika not angka ondel ondel", "url": "https://www.youtube.com/watch?v=FekO4_Pbi1E"}, {"title": "[Midi Karaoke] \u266c Lagu Daerah - Cublak-Cublak Suweng \u266c +Lirik Lagu [High Quality Sound]", "url": "https://www.youtube.com/watch?v=H4QditXtGjo"}, {"title": "Ratu Anom - Lagu Daerah Bali (Karoke dengan Lirik)", "url": "https://www.youtube.com/watch?v=5o2_neQoKTg"}, {"title": "Bolelebo - Lagu Daerah Nusa Tenggara Timur (Karaoke, Lirik dan Terjemahan)", "url": "https://www.youtube.com/watch?v=Vj34STACoI4"}, {"title": "Burung Tantina | Lagu Daerah Maluku Indonesia (Dengan Lirik Karaoke)", "url": "https://www.youtube.com/watch?v=7C1pzW46ur4"}, {"title": "Neng Geulis - Lagu Daerah Jawa Barat (Karaoke, Lirik dan Terjemahan)", "url": "https://www.youtube.com/watch?v=LHnr682r2qg"}, {"title": "ZUBER (BUDI HARTONO) LAGU DAERAH", "url": "https://www.youtube.com/watch?v=YpJe8mFrah4"}, {"title": "Lagu Daerah Indonesia | Aceh - Bungong Jeumpa | Wisata Alam Aceh | Eksotika Nada Nusantara", "url": "https://www.youtube.com/watch?v=zjimCCdhP1s"}, {"title": "not piano kambanglah bungo - tutorial piano level 3 - lagu daerah - kambanglah bungo", "url": "https://www.youtube.com/watch?v=WQFCoSjD8Ro"}, {"title": "[Midi Karaoke] \u266c Sarinande - Lagu Daerah Maluku/Ambon \u266c +Lirik Lagu", "url": "https://www.youtube.com/watch?v=szgAl8IGfD4"}, {"title": "Lagu Daerah Indonesia +lirik - Pepeling - Jawa Barat", "url": "https://www.youtube.com/watch?v=-wigkOMg_wA"}, {"title": "Indung Indung [Versi Original] - Lagu Daerah Kalimantan Timur - Indonesia", "url": "https://www.youtube.com/watch?v=a0JEsR5ixI0"}, {"title": "not pianika jaranan - lagu daerah nusantara tradisional indonesia - belajar pianika not angka", "url": "https://www.youtube.com/watch?v=ixHneYm771w"}, {"title": "not pianika suwe ora jamu - lagu daerah tradisional indonesia - belajar pianika not angka", "url": "https://www.youtube.com/watch?v=4G8yYNUxf58"}, {"title": "Karaoke \"Cik Cik Periuk\" || Lagu Daerah Kalimantan Barat || Lagu Daerah Indonesia || Tanpa Vokal.", "url": "https://www.youtube.com/watch?v=umcfxuNNvVE"}, {"title": "Prau Layar | Lagu Daerah Jawa Tengah Indonesia", "url": "https://www.youtube.com/watch?v=CsR9RASrHmo"}, {"title": "PituPella - Medley Lagu Daerah (with Beyonce's Song Themes)", "url": "https://www.youtube.com/watch?v=MSbbPTzPfR4"}, {"title": "not pianika es lilin - lagu daerah / nusantara / tradisional indonesia - not angka", "url": "https://www.youtube.com/watch?v=rPb75qo1GCM"}, {"title": "Ole Olang | Lagu Daerah Madura Indonesia", "url": "https://www.youtube.com/watch?v=pEUtyRInVeI"}, {"title": "not pianika waktu hujan sore sore - lagu daerah - belajar pianika not angka", "url": "https://www.youtube.com/watch?v=1_G3Ao66DNU"}, {"title": "LAGU DAERAH SUNDA - MANUK DADALI (COVER) Dildil", "url": "https://www.youtube.com/watch?v=j4rvi9S9wo0"}, {"title": "Gundul Gundul Pacul | Lagu Daerah Jawa Tengah | Lagu Anak Indonesia Terpopuler", "url": "https://www.youtube.com/watch?v=luWbrhai6-Q"}, {"title": "Soleram, Soleram | Lagu Daerah | Lagu Anak TV | Indonesian Lullaby", "url": "https://www.youtube.com/watch?v=n8GYd_p0dkk"}, {"title": "not pianika tokecang - lagu daerah / nusantara / tradisional indonesia - tutorial pianika not angka", "url": "https://www.youtube.com/watch?v=MP1eWXD59IA"}, {"title": "Goro Gorone | Lagu Daerah Maluku Indonesia (Dengan Lirik Karaoke)", "url": "https://www.youtube.com/watch?v=ApTjFuah-rQ"}, {"title": "Dodoi Si Dodoi | Lagu Daerah Jambi Indonesia (Dengan Lirik Karaoke)", "url": "https://www.youtube.com/watch?v=gdj-8fYtz3M"}, {"title": "not pianika rasa sayange - lagu daerah - belajar pianika not angka rasa sayange", "url": "https://www.youtube.com/watch?v=uHTXfJRoADc"}, {"title": "Tak Tong Tong - Lagu Daerah Sumatera Barat (Karoke, Lirik dan Terjemahan)", "url": "https://www.youtube.com/watch?v=XkxfMvvLlfQ"}, {"title": "ORAS LORO MALIRIN (Belu) Lirik - Lagu Daerah NTT Haliulun Fatubenao Indonesia", "url": "https://www.youtube.com/watch?v=DV5kD7LBxX8"}, {"title": "Borero - Lagu Daerah Maluku Utara (Karaoke, Lirik dan Terjemahan)", "url": "https://www.youtube.com/watch?v=bT1fbqORkA4"}, {"title": "Lagu Daerah Indonesia+Lirik - Hujan Gerimis - Dki Jakarta", "url": "https://www.youtube.com/watch?v=kXXVv8YNKEY"}, {"title": "Pesona Indonesia - Opening Konten Lagu Daerah dan Nasional Indonesia", "url": "https://www.youtube.com/watch?v=k6osqo9JnCg"}, {"title": "Lir Sa'alir [Versi Original] - Lagu Daerah Madura - Indonesia", "url": "https://www.youtube.com/watch?v=5UjxTK-QOB0"}, {"title": "not pianika surilang - lagu daerah jakarta - belajar pianika not angka surilang", "url": "https://www.youtube.com/watch?v=WsNE2Ek5CU8"}, {"title": "Keroncong Kemayoran - Lagu Daerah Jakarta (Karaoke dengan Lirik)", "url": "https://www.youtube.com/watch?v=Ewwwd_TPwBo"}, {"title": "not angka tokecang - lagu daerah tradisional nusantara indonesia - doremi", "url": "https://www.youtube.com/watch?v=omPoxYwN2m8"}, {"title": "Lagu Melayu Siak Riau Lagu Daerah Indonesia", "url": "https://www.youtube.com/watch?v=TO8IVLA9ee4"}, {"title": "not pianika cublak cublak suweng - lagu daerah / nusantara / tradisional indonesia - not angka", "url": "https://www.youtube.com/watch?v=j1xNsZ--5VA"}, {"title": "Gundul Gundul Pacul | Lagu Daerah Jawa Tengah Indonesia | Drum Gundul Gundul Pacul", "url": "https://www.youtube.com/watch?v=8slQWoSXMjY"}, {"title": "Lagu Daerah-Aceh-Ranup Lampuan-Remix-DJ-Dugem-Hot", "url": "https://www.youtube.com/watch?v=uFeoVfAhV0g"}, {"title": "LAGU DAERAH JAKARTA - JALI JALI (COVER) Dildil", "url": "https://www.youtube.com/watch?v=TwGXQr8lArI"}, {"title": "Lagu Daerah Indonesia+lirik - Kelap Kelip - Dki Jakarta", "url": "https://www.youtube.com/watch?v=hX_TIf2SQ1o"}, {"title": "Tokecang | Lagu Daerah Jawa Barat Indonesia (Dengan Lirik Karaoke)", "url": "https://www.youtube.com/watch?v=Uwb0B2gBOIs"}, {"title": "Lagu Daerah Anak Anak - Lagu Daerah Padang - Lagu Anak Indonesia - Nursery Rhymes - \u0627\u063a\u0646\u064a\u0629 \u0634\u0639\u0628\u064a\u0629", "url": "https://www.youtube.com/watch?v=ugEXCYITVIc"}, {"title": "Sirih Kuning - Lagu Daerah Jakarta (Karaoke dengan Lirik)", "url": "https://www.youtube.com/watch?v=YWHMwslicsU"}, {"title": "not angka gundul pacul - lagu daerah tradisional nusantara indonesia - solmisasi", "url": "https://www.youtube.com/watch?v=0oU7ycaqv1U"}, {"title": "not pianika tebe onana - lagu daerah nusantara indonesia - belajar pianika not angka tebe ona na", "url": "https://www.youtube.com/watch?v=Wc8nX8tukzY"}, {"title": "[Midi Karaoke] \u266c Suwe Ora Jamu \u2013 Lagu Daerah Yogyakarta \u266c +Lirik Lagu", "url": "https://www.youtube.com/watch?v=6NjpySvmbBE"}, {"title": "Segantang Lada Lagu Daerah Kepulauan Riau", "url": "https://www.youtube.com/watch?v=bUzmj5MBZ3o"}, {"title": "Peuyeum Bandung - Lagu Daerah Jawa Barat (Karaoke, Lirik dan Terjemahan)", "url": "https://www.youtube.com/watch?v=BpLWWVY4g0c"}, {"title": "Ratu Anom | Lagu Daerah Bali Indonesia", "url": "https://www.youtube.com/watch?v=juuDsrifu94"}, {"title": "Karaoke Anak. \"lir ilir\". Koplo. ( Lagu Daerah Jawa Tengah ). Tanpa Vokal.", "url": "https://www.youtube.com/watch?v=Ee3jkhO8TDA"}, {"title": "Lagu Daerah Anak Bungong Jeumpa - Animasi Cerita Indonesia (ACI)", "url": "https://www.youtube.com/watch?v=sRyAhYEbMg0"}, {"title": "Lagu Sunda / Lagu Daerah Indonesia : Badminton - Ati Surya (Karaoke)", "url": "https://www.youtube.com/watch?v=ltkuvrBISM0"}, {"title": "[Midi Karaoke] \u266c Lagu Daerah - Rasa Sayange \u266c +Lirik Lagu [High Quality Sound]", "url": "https://www.youtube.com/watch?v=t4ZkoQlJowA"}, {"title": "Bungong Jeumpa | Lagu Daerah Aceh | Budaya Indonesia | Lagu Anak TV", "url": "https://www.youtube.com/watch?v=96zyvPUFU2I"}, {"title": "( Lirik Lagu ) Gundul Gundul Pacul | Lagu Daerah Jawa Tengah Indonesia", "url": "https://www.youtube.com/watch?v=X-RWNsZiK1Y"}, {"title": "Lagu Daerah Wawonii Plus Lirik dan Terjemahan Ke dalam Bahasa Indonesia", "url": "https://www.youtube.com/watch?v=bZq62CrB_l8"}, {"title": "Sungai Kapuas | Lagu Daerah Pontianak Kalimantan Barat Indonesia", "url": "https://www.youtube.com/watch?v=kAJX3tMITZ0"}, {"title": "Lagu Yamko Rambe Yamko - Animasi Cerita Indonesia (ACI)", "url": "https://www.youtube.com/watch?v=HY_gTFciG70"}, {"title": "Pepaya Mangga Pisang Jambu | Lagu Daerah Betawi Jakarta Indonesia", "url": "https://www.youtube.com/watch?v=5imowmDvOKk"}, {"title": "Maladum (Lagu Daerah Papua)", "url": "https://www.youtube.com/watch?v=rX9b5yJ-K_U"}, {"title": "not pianika alusi au - lagu daerah - belajar pianika not angka alusi au", "url": "https://www.youtube.com/watch?v=1XA_gXvGvaM"}, {"title": "Cublak Cublak Suweng | Lagu Daerah Jawa Tengah I Kolaborasi Kecapi Sunda & Sape' I Uyau Moris", "url": "https://www.youtube.com/watch?v=utQM_8-hgz8"}, {"title": "not pianika sarinande - lagu daerah nusantara indonesia - belajar pianika not angka", "url": "https://www.youtube.com/watch?v=o_0honq404k"}, {"title": "not pianika lancang kuning - lagu daerah melayu - belajar pianika not angka lancang kuning", "url": "https://www.youtube.com/watch?v=6DcsGUhYGwc"}, {"title": "Lagu Daerah Indonesia | Jawa Timur - Rek Ayo Rek | Wisata Alam Jawa Timur | Eksotika Nada Nusantara", "url": "https://www.youtube.com/watch?v=rgnxynGYyvg"}, {"title": "Bungong Jeumpa - Tania", "url": "https://www.youtube.com/watch?v=ZfZxIR9vRmk"}, {"title": "not pianika tak tontong - lagu daerah - belajar pianika not angka tak tontong", "url": "https://www.youtube.com/watch?v=bPzyZC2wTQs"}, {"title": "not pianika sigulempong - lagu daerah - belajar pianika not angka sigulempong", "url": "https://www.youtube.com/watch?v=xS6KrUYMGeo"}, {"title": "not pianika yamko rambe yamko - lagu daerah nusantara indonesia - belajar pianika not angka", "url": "https://www.youtube.com/watch?v=dbCyxXUV5Cs"}, {"title": "not angka rek ayo rek - lagu daerah tradisional nusantara indonesia - doremifasol", "url": "https://www.youtube.com/watch?v=GnLPm9dgjoA"}, {"title": "Tenggang Tenggang Lopi - Lagu Daerah Sulawesi Barat (Karaoke dengan Lirik)", "url": "https://www.youtube.com/watch?v=17en8Ep5vQE"}, {"title": "Anak Kambing Saya | Lagu Daerah Nusa Tenggara Indonesia", "url": "https://www.youtube.com/watch?v=Slrf4NUtUtE"}, {"title": "Cing cangkeling lagu daerah", "url": "https://www.youtube.com/watch?v=iyR8hziqlyA"}, {"title": "Lagu Daerah Penajam Paser Utara : Taka Bersama", "url": "https://www.youtube.com/watch?v=uC7QW2U7N7s"}, {"title": "Ayam Den Lapeh - Lagu Daerah Sumatera Barat (Solo Acoustic Version)", "url": "https://www.youtube.com/watch?v=QfulZx9IAB0"}, {"title": "Tarian GKPS Tambun - Tersimpan di hati 12 lagu daerah - Indonesia bagi kemuliaan Mu", "url": "https://www.youtube.com/watch?v=ILjQutVEmt0"}, {"title": "Lagu Daerah Suku Tolaki Sulawesi Tenggara - Kendari", "url": "https://www.youtube.com/watch?v=x6rRxIAYmFc"}, {"title": "not pianika gambang suling - lagu daerah nusantara tradisional indonesia - belajar pianika not angka", "url": "https://www.youtube.com/watch?v=RX9VjYgYzD0"}, {"title": "Soleram - Lagu Daerah Riau (Karaoke dengan Lirik)", "url": "https://www.youtube.com/watch?v=5i_xVb1SXtE"}, {"title": "Bapak Pocung | Lagu Daerah Jawa Tengah Indonesia (Dengan Lirik Karaoke)", "url": "https://www.youtube.com/watch?v=aLc_xCEDKpg"}, {"title": "Gambang Suling - Lagu Daerah Jawa Tengah (Karaoke, Lirik dan Terjemahan)", "url": "https://www.youtube.com/watch?v=AnIoCWmMeK0"}, {"title": "not pianika erkata bedil - lagu daerah - belajar pianika not angka erkata bedil", "url": "https://www.youtube.com/watch?v=m3UUMuTssww"}, {"title": "Injit Injit Semut | Lagu Daerah Jambi Indonesia", "url": "https://www.youtube.com/watch?v=5JwO_bHE93I"}, {"title": "Cing Cangkeling | Lagu Daerah Jawa Barat Indonesia", "url": "https://www.youtube.com/watch?v=Ku32nFRDLfY"}, {"title": "not angka cublak cublak suweng - lagu daerah tradisional nusantara indonesia - doremifasola", "url": "https://www.youtube.com/watch?v=QYhdPfuODok"}, {"title": "Lagu Daerah Indonesia | Papua - Yamko Rambe Yamko | Wisata Alam Papua | Eksotika Nada Nusantara", "url": "https://www.youtube.com/watch?v=0RpuxBz7pIQ"}, {"title": "not pianika lir ilir - lagu daerah nusantara tradisional indonesia - tutorial pianika not angka", "url": "https://www.youtube.com/watch?v=uYmAmW59jYw"}, {"title": "not angka nona manis siapa yang punya - not angka lagu daerah", "url": "https://www.youtube.com/watch?v=Q-VfvzKhwZU"}, {"title": "not pianika rek ayo rek - lagu daerah nusantara tradisional indonesia - belajar pianika not angka", "url": "https://www.youtube.com/watch?v=kA3W8vxzkRY"}, {"title": "NYANYI LAGU DAERAH MANGGARAI JURI NGAKAK ! Peserta indonesian idol ini paling gokil !! 2020 || aven", "url": "https://www.youtube.com/watch?v=65UAYrn1LM8"}, {"title": "not angka dondong apa salak - lagu daerah tradisional nusantara indonesia - doremifasol", "url": "https://www.youtube.com/watch?v=5xio1BPURBI"}, {"title": "Karaoke + lirik. \"SOLERAM\" - Lagu Daerah Riau. Lagu Anak Indonesia ( Tanpa Vokal )", "url": "https://www.youtube.com/watch?v=H14chjDMH9I"}, {"title": "ORANG KOREA DITANTANG NYANYI LAGU DAERAH INDONESIA (BAHASA SUNDA) | SEASONKEPO |", "url": "https://www.youtube.com/watch?v=OSd4f5AgSRg"}, {"title": "Se Nau Tungga Yesus - Lagu Daerah Rote - Gereja Wesleyan Indonesia Jemaat Mahanaim Kupang NTT", "url": "https://www.youtube.com/watch?v=N1ZKcecdWe0"}, {"title": "not pianika potong bebek angsa - lagu daerah nusantara indonesia - belajar pianika not angka", "url": "https://www.youtube.com/watch?v=So4driHNM5c"}, {"title": "Lagu Daerah Indonesia+Lirik - Panon Hideung - Jawa Barat", "url": "https://www.youtube.com/watch?v=tqxWKQxSYuQ"}, {"title": "Mariam Tomong | Lagu Daerah Tapanuli Sumatera Utara Indonesia (Dengan Lirik Karaoke)", "url": "https://www.youtube.com/watch?v=DV0j3_EwHKw"}, {"title": "not pianika cing cangkeling - lagu daerah / nusantara / tradisional indonesia - not angka", "url": "https://www.youtube.com/watch?v=MGP4YlPSx98"}, {"title": "Gitar tunggal bujang jambi || lagu daerah jambi", "url": "https://www.youtube.com/watch?v=7sox-ixq_AI"}, {"title": "Lagu daerah Sipatokaan drum band MTsN Tembelang Jombang", "url": "https://www.youtube.com/watch?v=3jNo_wdZ3to"}, {"title": "LAGU DAERAH INDONESIA LAGU DAEREAH BANTEN 'JEREH BU GURU''", "url": "https://www.youtube.com/watch?v=oSuB8u1WyrI"}, {"title": "Belajar Lagu daerah Indonesia - Rasa sayange, Ghani Drum Cover - Yamaha", "url": "https://www.youtube.com/watch?v=8l0diwnuVMk"}, {"title": "Lagu Daerah Kalimantan Barat Cik Cik Periuk Instrumen", "url": "https://www.youtube.com/watch?v=gFCVKqaC7dg"}, {"title": "not pianika warung pojok - lagu daerah tradisional indonesia - tutorial pianika not angka", "url": "https://www.youtube.com/watch?v=kgaNFR_5PIw"}, {"title": "not pianika tebe onana - lagu daerah nusantara indonesia - belajar pianika not angka tebe ona na", "url": "https://www.youtube.com/watch?v=Wc8nX8tukzY"}, {"title": "INDAHNYA INDONESIA!! Putri DA & Alif-Kaltim Lantunkan Lagu Daerah Kaltim - LIDA 2019", "url": "https://www.youtube.com/watch?v=sz4SDXgniTA"}, {"title": "Yu Ragem Belajar-Lagu Daerah Banten-Musik Indonesia", "url": "https://www.youtube.com/watch?v=9CXGrX6fyqw"}, {"title": "RASA SAYANGE | 3D | Lagu Daerah | Lagu Anak Indonesia", "url": "https://www.youtube.com/watch?v=zmIpLDE3MBU"}, {"title": "not pianika burung kaka tua - lagu daerah nusantara indonesia - belajar pianika not angka", "url": "https://www.youtube.com/watch?v=Y1QTOkhIfXM"}, {"title": "Lagu Daerah Remix Kekinian", "url": "https://www.youtube.com/watch?v=bn5QktKDuyM"}, {"title": "LAGU DAERAH GUNDUL GUNDUL PACUL / JAWA TENGAH", "url": "https://www.youtube.com/watch?v=UGXWsrZnnfw"}, {"title": "O INA NI KEKE ( LAGU DAERAH SULAWESI UTARA ) - MICHELA THEA COVER", "url": "https://www.youtube.com/watch?v=2--9rE24v2c"}, {"title": "not angka suwe ora jamu - lagu daerah tradisional nusantara indonesia - doremifasol", "url": "https://www.youtube.com/watch?v=k6Tp9Z-jUdo"}, {"title": "HEBAT !! indonesia juara paduan suara di italia dengan lagu daerah ondel ondel, kunemale 5", "url": "https://www.youtube.com/watch?v=UrXMW7oFX0k"}, {"title": "not balok tanduk majeng - piano grade 3 - lagu daerah tradisional nusantara indonesia - instrumen", "url": "https://www.youtube.com/watch?v=hJNlEc3t264"}, {"title": "Lagu Anak RASA SAYANGE - Lagu Daerah Indonesia \u25cf TERBARU", "url": "https://www.youtube.com/watch?v=7Q_q9JqFTYI"}, {"title": "[Midi Karaoke] \u266c Lagu Daerah Aceh - Bungong Jeumpa \u266c +Lirik Lagu", "url": "https://www.youtube.com/watch?v=dM51Olex9X8"}, {"title": "O Ina Ni Keke | Lagu Daerah Minahasa Sulawesi Utara Indonesia", "url": "https://www.youtube.com/watch?v=dU9tlhEa9_w"}, {"title": "Bungong Jeumpa | Lagu Daerah Aceh | Budaya Indonesia | SD INSAN KAMIL", "url": "https://www.youtube.com/watch?v=zbfy3SWCxY0"}, {"title": "Aurel Kagum Krisdayanti Bawakan Lagu-Lagu Daerah Indonesia", "url": "https://www.youtube.com/watch?v=2H5bqU2sZMQ"}, {"title": "not angka lir ilir - lagu daerah tradisional nusantara indonesia - solmisasi", "url": "https://www.youtube.com/watch?v=omezUuIabzM"}, {"title": "Lagu O ina ni keke || Lagu daerah Sulawesi Utara - ( Lirik terjemahan ) - Lagu Daerah Indonesia", "url": "https://www.youtube.com/watch?v=sRmtil9dtJ8"}, {"title": "Lagu Daerah - Sengko sengko | Spacetoon Indonesia", "url": "https://www.youtube.com/watch?v=_XO26NC2tto"}, {"title": "Binde Biluhuta - Lagu Daerah Gorontalo (Karaoke dengan Lirik)", "url": "https://www.youtube.com/watch?v=VPJNr89QVDI"}, {"title": "Manuk dadali | Lagu Daerah Jawa Barat | Dongeng Kita | Lagu Anak TV", "url": "https://www.youtube.com/watch?v=KjC4wNOKDsk"}, {"title": "Tana Wolio - Lagu Daerah Sulawesi Tenggara (Karaoke dengan Lirik)", "url": "https://www.youtube.com/watch?v=GC7315013EM"}, {"title": "not pianika dondong apa salak - lagu daerah / nusantara / tradisional indonesia - not angka", "url": "https://www.youtube.com/watch?v=rsjqfmf8A5o"}, {"title": "LISOI - Lagu Daerah Sumatera Utara - batak - Choir", "url": "https://www.youtube.com/watch?v=Xqs1ukCLuEY"}, {"title": "not pianika keroncong kemayoran - lagu daerah - belajar pianika not angka kroncong kemayoran", "url": "https://www.youtube.com/watch?v=ot_0wv38AmA"}, {"title": "Tersimpan Di Hati - 12 Bahasa Daerah (EPIC LDR COLLABORATION)", "url": "https://www.youtube.com/watch?v=AlTYyTB9xRY"}, {"title": "Musik Bambu Lagu Daerah Tolaki SULTRA Indonesia Wonuanggu", "url": "https://www.youtube.com/watch?v=e75C_drXByo"}, {"title": "not pianika panon hideung - lagu daerah tradisional indonesia - belajar pianika not angka", "url": "https://www.youtube.com/watch?v=LuiHiHegBTM"}, {"title": "VIDEO: Begini Gerakan Tarian Indonesia Menari yang Menggabungkan 6 Lagu Daerah", "url": "https://www.youtube.com/watch?v=B-CYX4llir4"}, {"title": "Andhep Asor [Versi Original] - Lagu Daerah Madura - Jawa Timur - Indonesia", "url": "https://www.youtube.com/watch?v=dvmnkQllJL8"}, {"title": "Menyanyikan lagu DAERAH GORONTALO - Indonesia Idol L 2018 Parodi", "url": "https://www.youtube.com/watch?v=NzZHn84_d4Y"}, {"title": "APUSE (lagu daerah Papua) | Diva Bernyanyi | Lagu Daerah | Lagu Anak Channel", "url": "https://www.youtube.com/watch?v=oymlYQ-fX8I"}, {"title": "Padhang Wulan - Jawa Tengah, Lagu Daerah Indonesia", "url": "https://www.youtube.com/watch?v=RAnLdslAUeU"}, {"title": "Lagu Cingcangkeling - Animasi Cerita Indonesia (ACI)", "url": "https://www.youtube.com/watch?v=XccYaaIq4qk"}, {"title": "Lir Ilir - Lagu Daerah Jawa Tengah - Indonesia", "url": "https://www.youtube.com/watch?v=4A-8DqAyhIs"}, {"title": "Lagu Daerah Indonesia + lirik - Lingkung Lembur - Jawa Barat", "url": "https://www.youtube.com/watch?v=DEERW38fSYI"}, {"title": "Lagu Daerah Indonesia+lirik - Cinta Nusa -Jawa Barat", "url": "https://www.youtube.com/watch?v=ZRS051IOYnM"}, {"title": "Lagu Daerah Indonesia+lirik - Badminton - Jawa Barat", "url": "https://www.youtube.com/watch?v=4Pp9sKTlkZY"}, {"title": "not angka anak kambing saya - lagu daerah tradisional nusantara indonesia - doremi", "url": "https://www.youtube.com/watch?v=Yh42HIr97_k"}, {"title": "not pianika burung tantina - lagu daerah nusantara indonesia - belajar pianika not angka", "url": "https://www.youtube.com/watch?v=f4YCBJqL23k"}, {"title": "Lagu daerah Kalimantan barat - Sungai kapuas", "url": "https://www.youtube.com/watch?v=HSmLUKVl9Rc"}, {"title": "Kutang Barendo | Lagu Daerah Minang Indonesia", "url": "https://www.youtube.com/watch?v=TH0dfWWEvT8"}, {"title": "not angka manuk dadali - lagu daerah tradisional nusantara indonesia - solmisasi", "url": "https://www.youtube.com/watch?v=aAVzxlmkguw"}, {"title": "Manari Manasai - Lagu Daerah Kalimantan Tengah (Karaoke Dengan Lirik)", "url": "https://www.youtube.com/watch?v=O3xXLgIDIZs"}, {"title": "Desaku Yang Kucinta | Lagu Daerah Nusa Tenggara Timur Indonesia", "url": "https://www.youtube.com/watch?v=_YT9Pnd5XWs"}, {"title": "not pianika padang wulan - lagu daerah nusantara tradisional indonesia - belajar pianika not angka", "url": "https://www.youtube.com/watch?v=-MicWuAl8TM"}, {"title": "Lagu daerah Maluku - Rasa Sayange", "url": "https://www.youtube.com/watch?v=36Pt94SVYAM"}, {"title": "Jereh Bu Guru - Lagu Daerah Banten (Karaoke, Lirik dan Terjemahan)", "url": "https://www.youtube.com/watch?v=Gfx1aasCVI8"}, {"title": "Mashup Lagu-Lagu Daerah Indonesia", "url": "https://www.youtube.com/watch?v=_nJBodDEuas"}, {"title": "Len-Bulenan - Lagu Daerah Madura - Jawa Timur - Indonesia", "url": "https://www.youtube.com/watch?v=u9NDpdOiDnk"}, {"title": "not pianika ande ande lumut - lagu daerah / nusantara / tradisional indonesia - not angka", "url": "https://www.youtube.com/watch?v=FNoCV3ngWBY"}, {"title": "Penampilan Jazz Muda Indonesia saat Membawakan Instrumen Lagu Daerah Ampar ampar Pisang", "url": "https://www.youtube.com/watch?v=ot5g4wTG3yg"}, {"title": "Tokecang | Lagu Daerah Jawa Barat | Lagu Anak TV", "url": "https://www.youtube.com/watch?v=DmpWRH0-BHA"}, {"title": "Apuse - lagu daerah Papua", "url": "https://www.youtube.com/watch?v=_Q94M6OArFw"}, {"title": "Lagu Daerah Jawa Tengah Gundul Gundul Pacul Instrumen", "url": "https://www.youtube.com/watch?v=8o9idc6ozlw"}, {"title": "not pianika kampuang nan jauah di mato - lagu daerah - belajar pianika not angka", "url": "https://www.youtube.com/watch?v=rU9spTuhQ7g"}, {"title": "Bumi Lampung - Lagu Daerah Lampung (Karoke, Lirik dan Terjemahan)", "url": "https://www.youtube.com/watch?v=4NfHRM5rDOY"}, {"title": "Medley lagu daerah Indonesia(7Provinsi)+dari Sabang sampai Merauke,cover ukulele.", "url": "https://www.youtube.com/watch?v=hOPpTEYGlNI"}, {"title": "Potre Madure - Lagu Daerah Jawa Timur (Karoke dengan Lirik)", "url": "https://www.youtube.com/watch?v=dOhXpIJJD1o"}, {"title": "Siswa SD Diajak Kembali Menyanyikan Lagu Daerah", "url": "https://www.youtube.com/watch?v=-gr-bDhakNo"}, {"title": "Koreina , Korea-Indonesia. Anak Korea Bermain Gamelan & Menyanyikan Lagu Daerah Indonesia.", "url": "https://www.youtube.com/watch?v=de-F7AT5CNY"}, {"title": "Senam lagu daerah", "url": "https://www.youtube.com/watch?v=pYWglovIhnM"}, {"title": "not angka tanduk majeng - lagu daerah tradisional nusantara indonesia - doremifasol", "url": "https://www.youtube.com/watch?v=mJcc6vIR-ew"}, {"title": "AMPAR-AMPAR PISANG - Lagu Daerah Kalimantan Selatan - Anak Indonesia Ceria", "url": "https://www.youtube.com/watch?v=R8FtwqIMjpY"}, {"title": "not pianika buka pintu - lagu daerah nusantara indonesia - belajar pianika not angka buka pintu", "url": "https://www.youtube.com/watch?v=GkxZrdN1f4k"}, {"title": "Lagu daerah | MANUK DADALI", "url": "https://www.youtube.com/watch?v=Yna1sldUsDE"}, {"title": "Lagu Daerah Jawa Barat Manuk Dadali Instrumental", "url": "https://www.youtube.com/watch?v=sJIuvU-BM_s"}, {"title": "Lir Ilir | Lagu Daerah Jawa Tengah | Budaya Indonesia | Lagu Anak TV", "url": "https://www.youtube.com/watch?v=igjZFE9Rckk"}, {"title": "Huhate - Lagu Daerah Maluku (Karaoke dengan Lirik)", "url": "https://www.youtube.com/watch?v=SqpY6RmwwXg"}, {"title": "not pianika butet - lagu daerah - belajar pianika not angka butet", "url": "https://www.youtube.com/watch?v=kWYRt6T9RDw"}, {"title": "not pianika naik naik ke puncak gunung - lagu daerah nusantara indonesia - belajar pianika not angka", "url": "https://www.youtube.com/watch?v=Q3bgLp6pdpI"}, {"title": "not pianika anak kambing saya - lagu daerah nusantara indonesia - belajar pianika not angka", "url": "https://www.youtube.com/watch?v=7WaCq7U1HI0"}, {"title": "Anak indonesia berbakat (jungga humba) nyanyian lagu daerah sumba", "url": "https://www.youtube.com/watch?v=SAyt_GFX8gE"}, {"title": "not pianika nona manis siapa yang punya - lagu daerah nusantara indonesia - belajar pianika", "url": "https://www.youtube.com/watch?v=VHr8Lho22Gs"}, {"title": "not angka bubuy bulan - lagu daerah tradisional nusantara indonesia - doremifa", "url": "https://www.youtube.com/watch?v=qIkQadAU-5A"}, {"title": "Rara LIDA Indonesia Nyayikan Lagu Daerah Palembang Ya Saman...", "url": "https://www.youtube.com/watch?v=QBAvMUZuo2o"}, {"title": "Ole Olang [Versi Original] - Lagu Daerah Madura - Jawa Timur - Indonesia", "url": "https://www.youtube.com/watch?v=q1kJwGKbxYA"}, {"title": "Si Patokan - Lagu Daerah Sulawesi Utara versi Acapella Beatbox", "url": "https://www.youtube.com/watch?v=l5VHCtg9dA0"}, {"title": "Lagu Rasa Sayange Maluku - Lagu Daerah - Lagu Anak Indonesia - Nursery Rhymes - \u0627\u063a\u0646\u064a\u0629 \u0634\u0639\u0628\u064a\u0629", "url": "https://www.youtube.com/watch?v=JOuCx6Qvgow"}, {"title": "Lagu Anak Indonesia | Apuse", "url": "https://www.youtube.com/watch?v=GcOdHK3xwUs"}, {"title": "Gei' Bintang [Versi Original] - Lagu Daerah Madura - Jawa Timur - Indonesia", "url": "https://www.youtube.com/watch?v=QDBsstz-LWo"}, {"title": "Lagu Daerah Dari Andmesh Kamaleng I Final Duel 1 I Rising Star Indonesia 2016", "url": "https://www.youtube.com/watch?v=ZSiC3vGMYMY"}, {"title": "not pianika tanduk majeng - lagu daerah nusantara tradisional indonesia - not angka belajar pianika", "url": "https://www.youtube.com/watch?v=kg9l9Obixdk"}, {"title": "not pianika mentok mentok - lagu daerah nusantara tradisional indonesia - belajar pianika not angka", "url": "https://www.youtube.com/watch?v=NmuzlO87rFU"}, {"title": "Dari Sabang Sampai Merauke | Lagu Wajib Nasional Indonesia (Dengan Lirik Karaoke)", "url": "https://www.youtube.com/watch?v=0P7eNiHUEOk"}, {"title": "Potong Bebek Angsa | Lagu Daerah Nusa Tenggara Timur Indonesia", "url": "https://www.youtube.com/watch?v=1zxvoECC0HU"}, {"title": "Tumpi Wayu - Lagu Daerah Kalimantan Tengah (Karaoke dengan Lirik)", "url": "https://www.youtube.com/watch?v=v8zzy-UE9i0"}, {"title": "DOREMI AND YOU LAGU DAERAH INDONESIA (COVER BY) NASHWA,NAURA,FATIH DAN TORAN", "url": "https://www.youtube.com/watch?v=PUdaVKYLFnk"}, {"title": "[Midi Karaoke] \u266c Lagu Daerah - Apuse \u266c +Lirik Lagu [High Quality Sound]", "url": "https://www.youtube.com/watch?v=Zsn4_75Mo7Y"}, {"title": "KARAOKE BOLELEBO Lagu daerah NTT", "url": "https://www.youtube.com/watch?v=ft5FGQtVaVM"}, {"title": "E Mambo Simbo - Lagu Daerah Papua Barat (Karaoke dengan Lirik)", "url": "https://www.youtube.com/watch?v=Kk5_K6S9Vug"}, {"title": "Gundul Gundul Pacul - Lagu Daerah Jawa Tengah - Indonesia", "url": "https://www.youtube.com/watch?v=agUhKnY1Yk4"}, {"title": "Olle Olang - Lagu Daerah Madura - Jawa Timur - Indonesia", "url": "https://www.youtube.com/watch?v=Fr67YKQt1xA"}, {"title": "SARINANDE - LAGU DAERAH", "url": "https://www.youtube.com/watch?v=-PhmaJLZtx0"}, {"title": "not balok yamko rambe yamko - piano level 1 - lagu daerah irian jaya / papua - do re mi / solmisasi", "url": "https://www.youtube.com/watch?v=mMm4xtbkHIs"}, {"title": "Nasyid \"LIR SA'ALIR\" (Lagu Daerah Madura) - Jam'iyah Shalawat BHENNING || Bondowoso Bermunajat", "url": "https://www.youtube.com/watch?v=TpF0nHuJx2g"}, {"title": "not angka es lilin - lagu daerah tradisional nusantara indonesia - doremifasolasido", "url": "https://www.youtube.com/watch?v=NC9seq0sGc0"}, {"title": "Lagu daerah Nusa Tenggara Timur - Mana Lolo Banda", "url": "https://www.youtube.com/watch?v=2x6uJhM0nMA"}, {"title": "Syukur | Lagu Wajib Nasional Indonesia (Dengan Lirik Karaoke)", "url": "https://www.youtube.com/watch?v=z5-6Ey2EXUA"}, {"title": "LAGU DAERAH BALI ( MEONGMEONG )", "url": "https://www.youtube.com/watch?v=sK3u2_OvOeI"}, {"title": "Rek Ayo Rek | Lagu Daerah Jawa Timur Indonesia", "url": "https://www.youtube.com/watch?v=L81m6F0uMGE"}, {"title": "Rayuan Pulau Kelapa - Lirik Lagu Nasional Indonesia", "url": "https://www.youtube.com/watch?v=4mL2GEzY0t8"}, {"title": "Ampar ampar pisang lagu daerah", "url": "https://www.youtube.com/watch?v=YYTlOvrsQAQ"}, {"title": "Lagu Daerah Indonesia+Lirik - Ronggeng - Dki Jakarta", "url": "https://www.youtube.com/watch?v=Gj-c4jub980"}, {"title": "AMPAR AMPAR PISANG - X IPS 2 (ADNAN dkk) | Lagu Tradisional Nusantara | SMA NEGERI 4 KOTA TEGAL", "url": "https://www.youtube.com/watch?v=vGfZDgLYPQQ"}, {"title": "not angka apuse - not angka lagu daerah", "url": "https://www.youtube.com/watch?v=7G4XKCdJEMU"}, {"title": "not angka ande ande lumut - lagu daerah tradisional nusantara indonesia - doremi", "url": "https://www.youtube.com/watch?v=Mkc0Jm3qq2Q"}, {"title": "not angka gambang suling - lagu daerah tradisional nusantara indonesia - doremifasolasido", "url": "https://www.youtube.com/watch?v=4IQIxBjT5zM"}, {"title": "Soleram | Lagu Daerah Riau Indonesia", "url": "https://www.youtube.com/watch?v=zuyW7GR_r94"}, {"title": "Lon Sayang | Lagu Daerah Aceh Indonesia (Dengan Lirik Karaoke)", "url": "https://www.youtube.com/watch?v=GFehVUg-fi8"}, {"title": "Injit-injit semut - Lagu daerah Jambi (Cover Version) #2", "url": "https://www.youtube.com/watch?v=c4NZFhZT0lQ"}, {"title": "KAKANG PELUH LAGU DAERAH MUARA ENIM SUMATERA SELATAN", "url": "https://www.youtube.com/watch?v=06I1g7ncOpM"}, {"title": "Nyello' Aeng [Versi Original] - Lagu Daerah Madura - Jawa Timur - Indonesia", "url": "https://www.youtube.com/watch?v=4ZWXjGqnWqw"}, {"title": "[Midi Karaoke] \u266c Warung Pojok - Lagu Daerah Jawa Barat/Cirebon \u266c +Lirik Lagu", "url": "https://www.youtube.com/watch?v=og58Y3I8nt4"}, {"title": "not angka cing cangkeling - lagu daerah tradisional nusantara indonesia - doremifasol", "url": "https://www.youtube.com/watch?v=_4XAyIX95rY"}, {"title": "Sansaro - Lagu Daerah Sumatera Barat (Karoke, Lirik dan Terjemahan)", "url": "https://www.youtube.com/watch?v=8M6T2168Qe8"}, {"title": "Wa'ronjengan - Lagu Daerah Madura - Jawa Timur - Indonesia", "url": "https://www.youtube.com/watch?v=1Q1Cz-DFWc0"}, {"title": "Lagu Daerah Indonesia+Lirik - Sirih Kuning - Dki Jakarta", "url": "https://www.youtube.com/watch?v=SpqMfVKGTa8"}, {"title": "Dirumah Aja - Eka Gustiwana ( 42 Bahasa Daerah Di Indonesia )", "url": "https://www.youtube.com/watch?v=q2KQKLWJ1do"}, {"title": "Butet | Lagu Daerah Sumatera Utara | Lagu Anak TV", "url": "https://www.youtube.com/watch?v=csMXBDLjkpQ"}, {"title": "Lirik lagu daerah \"tana wolio\" dari sulawesi tenggara", "url": "https://www.youtube.com/watch?v=PZ0GdjI8DB0"}, {"title": "Timang Timang Anakku Sayang | Lagu Daerah Jambi Indonesia", "url": "https://www.youtube.com/watch?v=fMB7kWzvFb8"}, {"title": "Lagu Daerah KAMPUANG NAN JAUH DI MATO Sumatera Barat (Minang)", "url": "https://www.youtube.com/watch?v=9gbcPEKDqtM"}, {"title": "Lagu Dondong Opo Salak - Animasi Cerita Indonesia (ACI)", "url": "https://www.youtube.com/watch?v=JzlxDCemojM"}, {"title": "Yamko Rambe Yamko, Lagu Daerah Papua", "url": "https://www.youtube.com/watch?v=xVPxWINKT4E"}, {"title": "lagu SOLERAM lagu anak lagu daerah | lagu sepanjang masa", "url": "https://www.youtube.com/watch?v=1Nc_FTDoUBE"}, {"title": "not angka warung pojok - lagu daerah tradisional nusantara indonesia - doremi", "url": "https://www.youtube.com/watch?v=4ecSCa_1u2A"}, {"title": "COVER LAGU AMPAR-AMPAR PISANG | LAGU DAERAH KALIMANTAN SELATAN", "url": "https://www.youtube.com/watch?v=4adryEuIyCA"}, {"title": "Hela Rotan Cover | Lagu daerah Ambon Maluku", "url": "https://www.youtube.com/watch?v=ar6d0uOLM1c"}, {"title": "Lagu Anak TANDUK MAJENG - Lagu Daerah Indonesia \ud83d\udd25 TERBARU \u25cf Full HD", "url": "https://www.youtube.com/watch?v=jL-syot8knA"}, {"title": "not pianika si patokaan - lagu daerah - belajar pianika not angka si patokaan", "url": "https://www.youtube.com/watch?v=Y1nFyXIsUhg"}, {"title": "Lagu Daerah Indonesia+Lirik - Sang Bangau - Dki Jakarta", "url": "https://www.youtube.com/watch?v=DoJtqmFSY7Q"}, {"title": "Lembah Alas - Lagu Daerah Aceh (Karaoke dengan Lirik)", "url": "https://www.youtube.com/watch?v=uRl5Y79ooN0"}, {"title": "Tumpi Wayu | Lagu Daerah Kalimantan Tengah Indonesia (Dengan Lirik Karaoke)", "url": "https://www.youtube.com/watch?v=erSoGaL2FwY"}, {"title": "Tanduk Majeng [Versi Original] - Lagu Daerah Madura - Jawa Timur - Indonesia", "url": "https://www.youtube.com/watch?v=W6Hvlg9cwjQ"}, {"title": "LAGU DAERAH MUARA ENIM SUMATRA SELATAN PALEMBANG INDONESIA", "url": "https://www.youtube.com/watch?v=yltftQySp8g"}, {"title": "Pajjer Laggu [Versi Original] - Lagu Daerah Madura - Jawa timur - Indonesia", "url": "https://www.youtube.com/watch?v=HalOV25sJd4"}, {"title": "AYAM DEN LAPEH | Lagu Daerah Provinsi Sumatera Barat", "url": "https://www.youtube.com/watch?v=ZoyCgX1G-8E"}, {"title": "Rambadia | Lagu Daerah Sumatera Utara | Lagu Anak TV", "url": "https://www.youtube.com/watch?v=XoWLzi81U_U"}, {"title": "not angka padang wulan - lagu daerah tradisional nusantara indonesia - doremi", "url": "https://www.youtube.com/watch?v=uJo09kfFzeM"}, {"title": "KARAOKE ANGIN MAMIRI Lagu daerah Sulawesi Selatan", "url": "https://www.youtube.com/watch?v=VdL_bKLeXzY"}, {"title": "Alosi Ripolo Dua - lirik dan artinya | lagu daerah Bugis", "url": "https://www.youtube.com/watch?v=z-NgpdGmr04"}, {"title": "not balok si patokaan - piano level 1 - lagu daerah sulawesi - doremi", "url": "https://www.youtube.com/watch?v=lA4DC7qckYI"}, {"title": "Yamko Rambe Yamko - Papua, Lagu Daerah Indonesia", "url": "https://www.youtube.com/watch?v=Loh3aT6Qh8Y"}, {"title": "not pianika rambadia - lagu daerah - belajar pianika not angka rambadia", "url": "https://www.youtube.com/watch?v=Q43fYvXkeOM"}, {"title": "CUBLAK-CUBLAK SUWENG - X MIPA 3 (Anida dkk) | Lagu Tradisional | SMAN TEGAL", "url": "https://www.youtube.com/watch?v=dFEBPMnR4fM"}, {"title": "Halo Halo Bandung - Lirik Lagu Nasional Indonesia", "url": "https://www.youtube.com/watch?v=MtcXvIxtxxo"}, {"title": "Yok Miak - Lagu Daerah Bangka Belitung (Karaoke dengan Lirik)", "url": "https://www.youtube.com/watch?v=h7DgSo9LiGA"}, {"title": "Merdunya Suara Guru Cantik Sinjai Ini, Menyanyi Lagu Daerah", "url": "https://www.youtube.com/watch?v=Ys9cFftMbBA"}, {"title": "notasi balok tokecang - piano grade 3 - lagu daerah jawa barat - instrumental", "url": "https://www.youtube.com/watch?v=Iu_Y1vAW8xQ"}, {"title": "not angka jaranan - lagu daerah tradisional nusantara indonesia - solmisasi", "url": "https://www.youtube.com/watch?v=MYEASiN4t00"}, {"title": "Aransemen Lagu Daerah dan Lagu Indonesia Jaya", "url": "https://www.youtube.com/watch?v=FCvODliCyIA"}, {"title": "Acapella lagu daerah by SMKN 51 Jakarta", "url": "https://www.youtube.com/watch?v=goIOQ8H9bs0"}, {"title": "Ampar Ampar Pisang - Vito (official video)", "url": "https://www.youtube.com/watch?v=fla7fAk66AI"}, {"title": "Soto Madura [Versi Original] - Lagu Daerah Madura - Jawa Timur - Indonesia", "url": "https://www.youtube.com/watch?v=a2WGRw06DRA"}, {"title": "CUBLAK CUBLAK SUWENG - X IPS 2 (ALYA P dkk) | Lagu Tradisional Nusantara | SMA NEGERI 4 KOTA TEGAL", "url": "https://www.youtube.com/watch?v=XzxToNamSHU"}, {"title": "Sapu Nyere Pegat Simpay | Lagu Daerah Jawa Barat Indonesia (Dengan Lirik Karaoke)", "url": "https://www.youtube.com/watch?v=Vq9mzREteC0"}, {"title": "Natar BOT Lagu Daerah Timor Malaka Terbaik 2019", "url": "https://www.youtube.com/watch?v=bZTQKc9s438"}, {"title": "Upin-Ipin Gundul-Gundul Pacul - Lagu Anak | lagu daerah", "url": "https://www.youtube.com/watch?v=P00a07GvkNQ"}, {"title": "RASA SAYANGE - X IPS 2 (SANJAYA dkk) | Lagu Tradisional Nusantara | SMA NEGERI 4 KOTA TEGAL", "url": "https://www.youtube.com/watch?v=j1Xp4JqsDWc"}, {"title": "Bungong Jeumpa - Aceh, Lagu Daerah Indonesia", "url": "https://www.youtube.com/watch?v=URWd7ieCeIc"}, {"title": "Lagu Anak Indonesia | Soleram", "url": "https://www.youtube.com/watch?v=56Mh_sJHOw8"}, {"title": "Main lagu rayuan pulau kelapa lagu daerah dari Indonesia dengan pianika.", "url": "https://www.youtube.com/watch?v=vYIm_ngR8eM"}, {"title": "Gerak Tari Lagu Daerah Indonesia \"Potong Bebek Angsa\"", "url": "https://www.youtube.com/watch?v=4x41kgStmgs"}, {"title": "Ondel ondel betawi unik | warisan budaya indonesia | lagu daerah kicir kicir | Nauraalby Vacation", "url": "https://www.youtube.com/watch?v=E9q7Ae6asSA"}, {"title": "Lagu Daerah | Tokecang", "url": "https://www.youtube.com/watch?v=PlnDwhB-pvQ"}, {"title": "Aliman & Inyo - Ragem Belajar ( Lagu Daerah Banten ) Lagu Daerah Indonesia", "url": "https://www.youtube.com/watch?v=PEGi_vKMfZw"}, {"title": "YAMKO RAMBE YAMKO - X IPS 1 (TITAH dkk) | Lagu Tradisional Nusantara | SMA NEGERI 4 KOTA TEGAL", "url": "https://www.youtube.com/watch?v=7GRvhl0IQ8U"}, {"title": "Goro Gorone - Lagu Daerah Maluku (Karaoke dengan Lirik)", "url": "https://www.youtube.com/watch?v=9OQxb3iiKCw"}, {"title": "not pianika sinanggar tullo - lagu daerah - belajar pianika not angka sinanggar tulo", "url": "https://www.youtube.com/watch?v=JmLjmNqqzMw"}, {"title": "Bapak pucung lagu daerah", "url": "https://www.youtube.com/watch?v=IXySNB0zHi4"}, {"title": "Lagu Daerah Indonesia + Lirik - Ondel-Ondel - Dki Jakarta", "url": "https://www.youtube.com/watch?v=GshQ--I29wo"}, {"title": "LAGU ONDEL ONDEL | Lagu Daerah DKI Jakarta | Parade Budaya Indonesia", "url": "https://www.youtube.com/watch?v=t7m74KuZsPg"}, {"title": "TARI SAJOJO Gerakan Mudah", "url": "https://www.youtube.com/watch?v=bx9Pk1MIkdw"}, {"title": "Kacong Tor Jhebbhing - Lagu Daerah Jawa Timur (Karoke, Lirik dan Terjemahan)", "url": "https://www.youtube.com/watch?v=E0NIEtpfhCw"}, {"title": "Syukur - Lirik Lagu Nasional Indonesia", "url": "https://www.youtube.com/watch?v=AQAHYZJYXLE"}, {"title": "Adu Baremma [Versi Original] - Lagu Daerah Madura - Jawa Timur - Indonesia", "url": "https://www.youtube.com/watch?v=SM35qDI-Ukw"}, {"title": "Tondok Kadadianku - Lagu Daerah Sulawesi Selatan (Karoke dengan Lirik)", "url": "https://www.youtube.com/watch?v=cVC4QPRmx50"}, {"title": "Lagu Anak Indonesia | Ampar Ampar Pisang", "url": "https://www.youtube.com/watch?v=GcxEEqFtTYo"}]